[2026-05-13 00:39:10] error: 500 - Cast to ObjectId failed for value "history" (type string) at path "_id" for model "Booking"
[2026-05-13 00:39:11] error: 500 - Cast to ObjectId failed for value "history" (type string) at path "_id" for model "Booking"
[2026-05-13 00:39:14] error: 500 - Cast to ObjectId failed for value "history" (type string) at path "_id" for model "Booking"
[2026-05-13 00:39:15] error: 500 - Cast to ObjectId failed for value "history" (type string) at path "_id" for model "Booking"
[2026-05-13 00:39:31] error: 500 - Cast to ObjectId failed for value "performance" (type string) at path "_id" for model "Driver"
[2026-05-13 00:39:32] error: 500 - Cast to ObjectId failed for value "performance" (type string) at path "_id" for model "Driver"
[2026-05-13 00:59:55] error: 500 - Cast to ObjectId failed for value "history" (type string) at path "_id" for model "Booking"
[2026-05-13 00:59:56] error: 500 - Cast to ObjectId failed for value "history" (type string) at path "_id" for model "Booking"
[2026-05-13 01:03:31] error: 500 - Cast to ObjectId failed for value "history" (type string) at path "_id" for model "Booking"
{"level":"error","message":"500 - Cast to ObjectId failed for value \"recurring\" (type string) at path \"_id\" for model \"Schedule\"","service":"semenconnect-api","timestamp":"2026-05-13 17:00:36"}
{"level":"error","message":"500 - Cast to ObjectId failed for value \"recurring\" (type string) at path \"_id\" for model \"Schedule\"","service":"semenconnect-api","timestamp":"2026-05-13 17:00:37"}
{"level":"error","message":"500 - Cast to ObjectId failed for value \"analytics\" (type string) at path \"_id\" for model \"Schedule\"","service":"semenconnect-api","timestamp":"2026-05-13 17:00:42"}
{"level":"error","message":"500 - Cast to ObjectId failed for value \"analytics\" (type string) at path \"_id\" for model \"Schedule\"","service":"semenconnect-api","timestamp":"2026-05-13 17:00:43"}
{"level":"error","message":"500 - Cast to ObjectId failed for value \"performance\" (type string) at path \"_id\" for model \"Vehicle\"","service":"semenconnect-api","timestamp":"2026-05-13 17:10:54"}
{"level":"error","message":"500 - Cast to ObjectId failed for value \"performance\" (type string) at path \"_id\" for model \"Vehicle\"","service":"semenconnect-api","timestamp":"2026-05-13 17:10:55"}
{"level":"error","message":"500 - Cast to ObjectId failed for value \"performance\" (type string) at path \"_id\" for model \"Vehicle\"","service":"semenconnect-api","timestamp":"2026-05-13 17:24:42"}
{"level":"error","message":"500 - Cast to ObjectId failed for value \"performance\" (type string) at path \"_id\" for model \"Vehicle\"","service":"semenconnect-api","timestamp":"2026-05-13 17:24:43"}
{"level":"error","message":"500 - Cast to ObjectId failed for value \"performance\" (type string) at path \"_id\" for model \"Driver\"","service":"semenconnect-api","timestamp":"2026-05-13 18:11:50"}
{"level":"error","message":"500 - Cast to ObjectId failed for value \"performance\" (type string) at path \"_id\" for model \"Driver\"","service":"semenconnect-api","timestamp":"2026-05-13 18:11:51"}
{"level":"error","message":"500 - Cast to ObjectId failed for value \"optimization\" (type string) at path \"_id\" for model \"Route\"","service":"semenconnect-api","timestamp":"2026-05-13 18:17:39"}
{"level":"error","message":"500 - Cast to ObjectId failed for value \"optimization\" (type string) at path \"_id\" for model \"Route\"","service":"semenconnect-api","timestamp":"2026-05-13 18:17:40"}
{"level":"error","message":"500 - Cast to ObjectId failed for value \"analytics\" (type string) at path \"_id\" for model \"Route\"","service":"semenconnect-api","timestamp":"2026-05-13 18:17:43"}
{"level":"error","message":"500 - Cast to ObjectId failed for value \"analytics\" (type string) at path \"_id\" for model \"Route\"","service":"semenconnect-api","timestamp":"2026-05-13 18:17:44"}
{"level":"error","message":"500 - Cast to ObjectId failed for value \"optimization\" (type string) at path \"_id\" for model \"Route\"","service":"semenconnect-api","timestamp":"2026-05-13 18:17:47"}
{"level":"error","message":"500 - Cast to ObjectId failed for value \"optimization\" (type string) at path \"_id\" for model \"Route\"","service":"semenconnect-api","timestamp":"2026-05-13 18:17:48"}
{"level":"error","message":"500 - Cast to ObjectId failed for value \"optimization\" (type string) at path \"_id\" for model \"Route\"","service":"semenconnect-api","timestamp":"2026-05-13 18:20:25"}
{"level":"error","message":"500 - Cast to ObjectId failed for value \"analytics\" (type string) at path \"_id\" for model \"Route\"","service":"semenconnect-api","timestamp":"2026-05-13 18:20:26"}
{"level":"error","message":"500 - Cast to ObjectId failed for value \"optimization\" (type string) at path \"_id\" for model \"Route\"","service":"semenconnect-api","timestamp":"2026-05-13 18:20:26"}
{"level":"error","message":"500 - Cast to ObjectId failed for value \"analytics\" (type string) at path \"_id\" for model \"Route\"","service":"semenconnect-api","timestamp":"2026-05-13 18:20:27"}
{"level":"error","message":"500 - Cast to ObjectId failed for value \"optimization\" (type string) at path \"_id\" for model \"Route\"","service":"semenconnect-api","timestamp":"2026-05-13 18:20:28"}
{"level":"error","message":"500 - Cast to ObjectId failed for value \"optimization\" (type string) at path \"_id\" for model \"Route\"","service":"semenconnect-api","timestamp":"2026-05-13 18:20:29"}
{"level":"error","message":"500 - Cast to ObjectId failed for value \"performance\" (type string) at path \"_id\" for model \"Driver\"","service":"semenconnect-api","timestamp":"2026-05-13 18:27:08"}
{"level":"error","message":"500 - Cast to ObjectId failed for value \"performance\" (type string) at path \"_id\" for model \"Driver\"","service":"semenconnect-api","timestamp":"2026-05-13 18:27:10"}
{"level":"error","message":"Port 4000 is already in use. Ensure no other process is using the port and try again.","service":"semenconnect-api","timestamp":"2026-05-14 00:37:26"}
{"level":"error","message":"Port 4000 is already in use. Ensure no other process is using the port and try again.","service":"semenconnect-api","timestamp":"2026-05-14 00:37:29"}
{"level":"error","message":"Port 4000 is already in use. Ensure no other process is using the port and try again.","service":"semenconnect-api","timestamp":"2026-05-14 00:37:36"}
{"level":"error","message":"Port 4000 is already in use. Ensure no other process is using the port and try again.","service":"semenconnect-api","timestamp":"2026-05-14 00:37:36"}
{"level":"error","message":"Port 4000 is already in use. Ensure no other process is using the port and try again.","service":"semenconnect-api","timestamp":"2026-05-14 00:39:04"}
{"level":"error","message":"Port 4000 is already in use. Ensure no other process is using the port and try again.","service":"semenconnect-api","timestamp":"2026-05-14 00:39:05"}
{"level":"error","message":"Port 4000 is already in use. Ensure no other process is using the port and try again.","service":"semenconnect-api","timestamp":"2026-05-14 00:42:45"}
{"level":"error","message":"Port 4000 is already in use. Ensure no other process is using the port and try again.","service":"semenconnect-api","timestamp":"2026-05-14 00:42:52"}
{"level":"error","message":"Port 4000 is already in use. Ensure no other process is using the port and try again.","service":"semenconnect-api","timestamp":"2026-05-14 00:42:53"}
{"level":"error","message":"Port 4001 is already in use. Please use a different port.","service":"semenconnect-api","timestamp":"2026-05-14 22:57:00"}
{"level":"error","message":"Port 4002 is already in use. Please use a different port.","service":"semenconnect-api","timestamp":"2026-05-14 23:49:02"}
{"level":"error","message":"Port 4002 is already in use. Please use a different port.","service":"semenconnect-api","timestamp":"2026-05-14 23:49:30"}
{"level":"error","message":"Port 4002 is already in use. Please use a different port.","service":"semenconnect-api","timestamp":"2026-05-15 00:22:56"}
{"level":"error","message":"Port 4002 is already in use. Please use a different port.","service":"semenconnect-api","timestamp":"2026-05-15 00:23:33"}
{"level":"error","message":"Port 4002 is already in use. Please use a different port.","service":"semenconnect-api","timestamp":"2026-05-15 00:24:11"}
{"level":"error","message":"Port 4002 is already in use. Please use a different port.","service":"semenconnect-api","timestamp":"2026-05-15 00:25:30"}
{"level":"error","message":"Port 4002 is already in use. Please use a different port.","service":"semenconnect-api","timestamp":"2026-05-15 00:34:59"}
{"level":"error","message":"Port 4002 is already in use. Please use a different port.","service":"semenconnect-api","timestamp":"2026-05-15 00:36:46"}
{"level":"error","message":"Port 4002 is already in use. Please use a different port.","service":"semenconnect-api","timestamp":"2026-05-15 00:37:36"}
{"level":"error","message":"Port 4002 is already in use. Please use a different port.","service":"semenconnect-api","timestamp":"2026-05-15 00:38:49"}
{"level":"error","message":"Port 4002 is already in use. Please use a different port.","service":"semenconnect-api","timestamp":"2026-05-15 00:39:35"}
{"level":"error","message":"Port 4002 is already in use. Please use a different port.","service":"semenconnect-api","timestamp":"2026-05-15 00:41:09"}
{"level":"error","message":"Port 4002 is already in use. Please use a different port.","service":"semenconnect-api","timestamp":"2026-05-15 00:42:08"}
{"level":"error","message":"Port 4002 is already in use. Please use a different port.","service":"semenconnect-api","timestamp":"2026-05-15 00:42:49"}
{"level":"error","message":"[GET] /api/v1/route-optimization/summary — Cast to ObjectId failed for value \"summary\" (type string) at path \"_id\" for model \"RouteOptimization\"","service":"semenconnect-api","timestamp":"2026-05-15 00:42:58"}
{"level":"error","message":"[GET] /api/v1/route-optimization/summary — Cast to ObjectId failed for value \"summary\" (type string) at path \"_id\" for model \"RouteOptimization\"","service":"semenconnect-api","timestamp":"2026-05-15 00:42:59"}
{"level":"error","message":"Port 4002 is already in use. Please use a different port.","service":"semenconnect-api","timestamp":"2026-05-15 00:43:55"}
{"level":"error","message":"Port 4002 is already in use. Please use a different port.","service":"semenconnect-api","timestamp":"2026-05-15 00:44:48"}
{"level":"error","message":"Port 4002 is already in use. Please use a different port.","service":"semenconnect-api","timestamp":"2026-05-15 00:45:28"}
{"level":"error","message":"Port 4002 is already in use. Please use a different port.","service":"semenconnect-api","timestamp":"2026-05-15 00:46:02"}
{"level":"error","message":"Port 4002 is already in use. Please use a different port.","service":"semenconnect-api","timestamp":"2026-05-15 00:46:32"}
{"level":"error","message":"Port 4002 is already in use. Please use a different port.","service":"semenconnect-api","timestamp":"2026-05-15 00:48:14"}
{"level":"error","message":"Port 4002 is already in use. Please use a different port.","service":"semenconnect-api","timestamp":"2026-05-15 00:48:44"}
{"level":"error","message":"Port 4002 is already in use. Please use a different port.","service":"semenconnect-api","timestamp":"2026-05-15 00:49:49"}
{"level":"error","message":"[GET] /api/v1/route-optimization/summary — Cast to ObjectId failed for value \"summary\" (type string) at path \"_id\" for model \"RouteOptimization\"","service":"semenconnect-api","timestamp":"2026-05-15 00:52:44"}
{"level":"error","message":"[GET] /api/v1/route-optimization/summary — Cast to ObjectId failed for value \"summary\" (type string) at path \"_id\" for model \"RouteOptimization\"","service":"semenconnect-api","timestamp":"2026-05-15 00:52:45"}
{"level":"error","message":"Port 4002 is already in use. Please use a different port.","service":"semenconnect-api","timestamp":"2026-05-15 00:54:30"}
{"level":"error","message":"Port 4003 is already in use. Please use a different port.","service":"semenconnect-api","timestamp":"2026-05-15 01:01:13"}
{"level":"error","message":"Port 4003 is already in use. Please use a different port.","service":"semenconnect-api","timestamp":"2026-05-15 01:01:13"}
{"level":"error","message":"Port 4003 is already in use. Please use a different port.","service":"semenconnect-api","timestamp":"2026-05-15 01:01:27"}
{"level":"error","message":"Port 4003 is already in use. Please use a different port.","service":"semenconnect-api","timestamp":"2026-05-15 01:01:29"}
{"level":"error","message":"Port 4003 is already in use. Please use a different port.","service":"semenconnect-api","timestamp":"2026-05-15 01:02:38"}
{"level":"error","message":"Port 4003 is already in use. Please use a different port.","service":"semenconnect-api","timestamp":"2026-05-15 01:02:38"}
{"level":"error","message":"Port 4003 is already in use. Please use a different port.","service":"semenconnect-api","timestamp":"2026-05-15 01:05:35"}
{"level":"error","message":"Port 4003 is already in use. Please use a different port.","service":"semenconnect-api","timestamp":"2026-05-15 01:05:37"}
{"level":"error","message":"Port 4003 is already in use. Please use a different port.","service":"semenconnect-api","timestamp":"2026-05-15 01:06:14"}
{"level":"error","message":"Port 4003 is already in use. Please use a different port.","service":"semenconnect-api","timestamp":"2026-05-15 01:06:15"}
{"level":"error","message":"Port 4003 is already in use. Please use a different port.","service":"semenconnect-api","timestamp":"2026-05-15 01:27:29"}
{"level":"error","message":"Port 4003 is already in use. Please use a different port.","service":"semenconnect-api","timestamp":"2026-05-15 01:27:32"}
{"level":"error","message":"[GET] /api/v1/route-optimization/summary — Cast to ObjectId failed for value \"summary\" (type string) at path \"_id\" for model \"RouteOptimization\"","service":"semenconnect-api","timestamp":"2026-05-15 22:23:58"}
{"level":"error","message":"[GET] /api/v1/route-optimization/summary — Cast to ObjectId failed for value \"summary\" (type string) at path \"_id\" for model \"RouteOptimization\"","service":"semenconnect-api","timestamp":"2026-05-15 22:23:59"}
{"level":"error","message":"[POST] /api/v1/report-schedules — ReportSchedule validation failed: recipients: Invalid email addresses","service":"semenconnect-api","timestamp":"2026-05-16 13:27:16"}
{"level":"error","message":"[POST] /api/v1/drivers — Driver validation failed: licenseExpiry: Path `licenseExpiry` is required., licenseClass: `4` is not a valid enum value for path `licenseClass`.","service":"semenconnect-api","timestamp":"2026-05-16 13:45:31"}
{"level":"error","message":"[POST] /api/v1/drivers — Driver validation failed: licenseExpiry: Path `licenseExpiry` is required., licenseClass: `4` is not a valid enum value for path `licenseClass`.","service":"semenconnect-api","timestamp":"2026-05-16 13:45:43"}
{"level":"error","message":"[POST] /api/v1/drivers — Driver validation failed: licenseExpiry: Path `licenseExpiry` is required., licenseClass: `4` is not a valid enum value for path `licenseClass`.","service":"semenconnect-api","timestamp":"2026-05-16 13:45:54"}
{"level":"error","message":"[POST] /api/v1/drivers — Driver validation failed: licenseExpiry: Path `licenseExpiry` is required., licenseClass: `4` is not a valid enum value for path `licenseClass`.","service":"semenconnect-api","timestamp":"2026-05-16 13:46:11"}
{"level":"error","message":"[POST] /api/v1/drivers — Driver validation failed: licenseExpiry: Path `licenseExpiry` is required., licenseClass: `4` is not a valid enum value for path `licenseClass`.","service":"semenconnect-api","timestamp":"2026-05-16 13:46:15"}
{"level":"error","message":"[POST] /api/v1/drivers — Driver validation failed: licenseExpiry: Path `licenseExpiry` is required., licenseClass: `4` is not a valid enum value for path `licenseClass`.","service":"semenconnect-api","timestamp":"2026-05-16 13:46:16"}
{"level":"error","message":"[POST] /api/v1/routes — E11000 duplicate key error collection: amtms.routes index: code_1 dup key: { code: \"XCVXCV\" }","service":"semenconnect-api","timestamp":"2026-05-16 13:47:22"}
{"level":"error","message":"[POST] /api/v1/routes — E11000 duplicate key error collection: amtms.routes index: code_1 dup key: { code: \"XCVXCV\" }","service":"semenconnect-api","timestamp":"2026-05-16 13:47:23"}
{"level":"error","message":"[POST] /api/v1/routes — E11000 duplicate key error collection: amtms.routes index: code_1 dup key: { code: \"XCVXCV\" }","service":"semenconnect-api","timestamp":"2026-05-16 13:47:27"}
{"level":"error","message":"[POST] /api/v1/routes — E11000 duplicate key error collection: amtms.routes index: code_1 dup key: { code: \"XCVXCV\" }","service":"semenconnect-api","timestamp":"2026-05-16 13:47:30"}
{"level":"error","message":"[GET] /api/v1/route-optimization/summary — Cast to ObjectId failed for value \"summary\" (type string) at path \"_id\" for model \"RouteOptimization\"","service":"semenconnect-api","timestamp":"2026-05-16 14:35:11"}
{"level":"error","message":"[GET] /api/v1/route-optimization/summary — Cast to ObjectId failed for value \"summary\" (type string) at path \"_id\" for model \"RouteOptimization\"","service":"semenconnect-api","timestamp":"2026-05-16 14:35:12"}
{"level":"error","message":"[GET] /api/v1/route-optimization/summary — Cast to ObjectId failed for value \"summary\" (type string) at path \"_id\" for model \"RouteOptimization\"","service":"semenconnect-api","timestamp":"2026-05-16 22:21:40"}
{"level":"error","message":"[GET] /api/v1/route-optimization/summary — Cast to ObjectId failed for value \"summary\" (type string) at path \"_id\" for model \"RouteOptimization\"","service":"semenconnect-api","timestamp":"2026-05-16 22:21:42"}
{"level":"error","message":"[GET] /api/v1/route-optimization/summary — Cast to ObjectId failed for value \"summary\" (type string) at path \"_id\" for model \"RouteOptimization\"","service":"semenconnect-api","timestamp":"2026-05-16 23:09:26"}
{"level":"error","message":"[GET] /api/v1/route-optimization/summary — Cast to ObjectId failed for value \"summary\" (type string) at path \"_id\" for model \"RouteOptimization\"","service":"semenconnect-api","timestamp":"2026-05-16 23:09:27"}
{"level":"error","message":"Failed to connect to PostgreSQL: column \"code\" does not exist","service":"semenconnect-api","timestamp":"2026-05-27 16:24:22"}
{"level":"error","message":"Failed to connect to PostgreSQL: cannot cast type user_role to enum_users_role","service":"semenconnect-api","timestamp":"2026-05-27 16:25:21"}
{"level":"error","message":"Failed to connect to PostgreSQL: getaddrinfo ENOTFOUND aws-1-eu-central-1.pooler.supabase.com","service":"semenconnect-api","timestamp":"2026-05-27 16:26:14"}
{"level":"error","message":"Failed to connect to PostgreSQL: read ECONNRESET","service":"semenconnect-api","timestamp":"2026-05-27 16:32:53"}
{"level":"error","message":"Failed to connect to PostgreSQL: column \"vehicleId\" does not exist","service":"semenconnect-api","timestamp":"2026-05-28 06:38:05"}
{"level":"error","message":"Failed to connect to PostgreSQL: column \"vehicleId\" does not exist","service":"semenconnect-api","timestamp":"2026-05-29 16:42:11"}
{"level":"error","message":"Failed to connect to PostgreSQL: relation \"vehicles\" does not exist","service":"semenconnect-api","timestamp":"2026-05-29 17:15:21"}
{"level":"error","message":"Failed to connect to PostgreSQL: relation \"vehicles\" does not exist","service":"semenconnect-api","timestamp":"2026-05-29 17:15:43"}
{"level":"error","message":"Failed to connect to PostgreSQL: relation \"vehicles\" does not exist","service":"semenconnect-api","timestamp":"2026-05-29 17:18:13"}
{"level":"error","message":"Failed to connect to PostgreSQL: relation \"vehicles\" does not exist","service":"semenconnect-api","timestamp":"2026-05-29 17:19:20"}
{"level":"error","message":"[POST] /api/v1/auth/login — read ECONNRESET","service":"semenconnect-api","timestamp":"2026-05-29 17:33:22"}
{"level":"error","message":"Failed to connect to PostgreSQL: relation \"vehicles\" does not exist","service":"semenconnect-api","timestamp":"2026-05-29 18:57:11"}
{"level":"error","message":"Failed to connect to PostgreSQL: column \"vehicleId\" does not exist","service":"semenconnect-api","timestamp":"2026-05-29 19:15:14"}
{"level":"error","message":"Failed to connect to PostgreSQL: column \"vehicleId\" does not exist","service":"semenconnect-api","timestamp":"2026-05-29 19:23:03"}
{"code":"ECONNREFUSED","level":"error","message":"❌ Redis Client Error:","service":"semenconnect-api","stack":"AggregateError [ECONNREFUSED]: \n    at internalConnectMultiple (node:net:1193:18)\n    at afterConnectMultiple (node:net:1783:7)","timestamp":"2026-05-29 19:27:56"}
{"code":"ECONNREFUSED","level":"error","message":"❌ Redis Client Error:","service":"semenconnect-api","stack":"AggregateError [ECONNREFUSED]: \n    at internalConnectMultiple (node:net:1193:18)\n    at afterConnectMultiple (node:net:1783:7)","timestamp":"2026-05-29 19:27:56"}
{"code":"ECONNREFUSED","level":"error","message":"❌ Redis Client Error:","service":"semenconnect-api","stack":"AggregateError [ECONNREFUSED]: \n    at internalConnectMultiple (node:net:1193:18)\n    at afterConnectMultiple (node:net:1783:7)","timestamp":"2026-05-29 19:27:56"}
{"code":"ECONNREFUSED","level":"error","message":"❌ Redis Client Error:","service":"semenconnect-api","stack":"AggregateError [ECONNREFUSED]: \n    at internalConnectMultiple (node:net:1193:18)\n    at afterConnectMultiple (node:net:1783:7)","timestamp":"2026-05-29 19:27:56"}
{"code":"ECONNREFUSED","level":"error","message":"❌ Redis Client Error:","service":"semenconnect-api","stack":"AggregateError [ECONNREFUSED]: \n    at internalConnectMultiple (node:net:1193:18)\n    at afterConnectMultiple (node:net:1783:7)","timestamp":"2026-05-29 19:27:57"}
{"code":"ECONNREFUSED","level":"error","message":"❌ Redis Client Error:","service":"semenconnect-api","stack":"AggregateError [ECONNREFUSED]: \n    at internalConnectMultiple (node:net:1193:18)\n    at afterConnectMultiple (node:net:1783:7)","timestamp":"2026-05-29 19:27:57"}
{"code":"ECONNREFUSED","level":"error","message":"❌ Redis Client Error:","service":"semenconnect-api","stack":"AggregateError [ECONNREFUSED]: \n    at internalConnectMultiple (node:net:1193:18)\n    at afterConnectMultiple (node:net:1783:7)","timestamp":"2026-05-29 19:27:57"}
{"code":"ECONNREFUSED","level":"error","message":"❌ Redis Client Error:","service":"semenconnect-api","stack":"AggregateError [ECONNREFUSED]: \n    at internalConnectMultiple (node:net:1193:18)\n    at afterConnectMultiple (node:net:1783:7)","timestamp":"2026-05-29 19:27:57"}
{"code":"ECONNREFUSED","level":"error","message":"❌ Redis Client Error:","service":"semenconnect-api","stack":"AggregateError [ECONNREFUSED]: \n    at internalConnectMultiple (node:net:1193:18)\n    at afterConnectMultiple (node:net:1783:7)","timestamp":"2026-05-29 19:27:58"}
{"code":"ECONNREFUSED","level":"error","message":"❌ Redis Client Error:","service":"semenconnect-api","stack":"AggregateError [ECONNREFUSED]: \n    at internalConnectMultiple (node:net:1193:18)\n    at afterConnectMultiple (node:net:1783:7)","timestamp":"2026-05-29 19:27:58"}
{"code":"ECONNREFUSED","level":"error","message":"❌ Redis Client Error:","service":"semenconnect-api","stack":"AggregateError [ECONNREFUSED]: \n    at internalConnectMultiple (node:net:1193:18)\n    at afterConnectMultiple (node:net:1783:7)","timestamp":"2026-05-29 19:27:59"}
{"code":"ECONNREFUSED","level":"error","message":"❌ Redis Client Error:","service":"semenconnect-api","stack":"AggregateError [ECONNREFUSED]: \n    at internalConnectMultiple (node:net:1193:18)\n    at afterConnectMultiple (node:net:1783:7)","timestamp":"2026-05-29 19:27:59"}
{"code":"ECONNREFUSED","level":"error","message":"❌ Redis Client Error:","service":"semenconnect-api","stack":"AggregateError [ECONNREFUSED]: \n    at internalConnectMultiple (node:net:1193:18)\n    at afterConnectMultiple (node:net:1783:7)","timestamp":"2026-05-29 19:28:00"}
{"code":"ECONNREFUSED","level":"error","message":"❌ Redis Client Error:","service":"semenconnect-api","stack":"AggregateError [ECONNREFUSED]: \n    at internalConnectMultiple (node:net:1193:18)\n    at afterConnectMultiple (node:net:1783:7)","timestamp":"2026-05-29 19:28:00"}
{"code":"ECONNREFUSED","level":"error","message":"❌ Redis Client Error:","service":"semenconnect-api","stack":"AggregateError [ECONNREFUSED]: \n    at internalConnectMultiple (node:net:1193:18)\n    at afterConnectMultiple (node:net:1783:7)","timestamp":"2026-05-29 19:28:01"}
{"code":"ECONNREFUSED","level":"error","message":"❌ Redis Client Error:","service":"semenconnect-api","stack":"AggregateError [ECONNREFUSED]: \n    at internalConnectMultiple (node:net:1193:18)\n    at afterConnectMultiple (node:net:1783:7)","timestamp":"2026-05-29 19:28:01"}
{"code":"ECONNREFUSED","level":"error","message":"❌ Redis Client Error:","service":"semenconnect-api","stack":"AggregateError [ECONNREFUSED]: \n    at internalConnectMultiple (node:net:1193:18)\n    at afterConnectMultiple (node:net:1783:7)","timestamp":"2026-05-29 19:28:02"}
{"code":"ECONNREFUSED","level":"error","message":"❌ Redis Client Error:","service":"semenconnect-api","stack":"AggregateError [ECONNREFUSED]: \n    at internalConnectMultiple (node:net:1193:18)\n    at afterConnectMultiple (node:net:1783:7)","timestamp":"2026-05-29 19:28:02"}
{"code":"ECONNREFUSED","level":"error","message":"❌ Redis Client Error:","service":"semenconnect-api","stack":"AggregateError [ECONNREFUSED]: \n    at internalConnectMultiple (node:net:1193:18)\n    at afterConnectMultiple (node:net:1783:7)","timestamp":"2026-05-29 19:28:03"}
{"code":"ECONNREFUSED","level":"error","message":"❌ Redis Client Error:","service":"semenconnect-api","stack":"AggregateError [ECONNREFUSED]: \n    at internalConnectMultiple (node:net:1193:18)\n    at afterConnectMultiple (node:net:1783:7)","timestamp":"2026-05-29 19:28:03"}
{"code":"ECONNREFUSED","level":"error","message":"❌ Redis Client Error:","service":"semenconnect-api","stack":"AggregateError [ECONNREFUSED]: \n    at internalConnectMultiple (node:net:1193:18)\n    at afterConnectMultiple (node:net:1783:7)","timestamp":"2026-05-29 19:28:04"}
{"code":"ECONNREFUSED","level":"error","message":"❌ Redis Client Error:","service":"semenconnect-api","stack":"AggregateError [ECONNREFUSED]: \n    at internalConnectMultiple (node:net:1193:18)\n    at afterConnectMultiple (node:net:1783:7)","timestamp":"2026-05-29 19:28:04"}
{"code":"ECONNREFUSED","level":"error","message":"❌ Redis Client Error:","service":"semenconnect-api","stack":"AggregateError [ECONNREFUSED]: \n    at internalConnectMultiple (node:net:1193:18)\n    at afterConnectMultiple (node:net:1783:7)","timestamp":"2026-05-29 19:28:05"}
{"code":"ECONNREFUSED","level":"error","message":"❌ Redis Client Error:","service":"semenconnect-api","stack":"AggregateError [ECONNREFUSED]: \n    at internalConnectMultiple (node:net:1193:18)\n    at afterConnectMultiple (node:net:1783:7)","timestamp":"2026-05-29 19:28:05"}
{"code":"ECONNREFUSED","level":"error","message":"❌ Redis Client Error:","service":"semenconnect-api","stack":"AggregateError [ECONNREFUSED]: \n    at internalConnectMultiple (node:net:1193:18)\n    at afterConnectMultiple (node:net:1783:7)","timestamp":"2026-05-29 19:28:06"}
{"code":"ECONNREFUSED","level":"error","message":"❌ Redis Client Error:","service":"semenconnect-api","stack":"AggregateError [ECONNREFUSED]: \n    at internalConnectMultiple (node:net:1193:18)\n    at afterConnectMultiple (node:net:1783:7)","timestamp":"2026-05-29 19:28:06"}
{"code":"ECONNREFUSED","level":"error","message":"❌ Redis Client Error:","service":"semenconnect-api","stack":"AggregateError [ECONNREFUSED]: \n    at internalConnectMultiple (node:net:1193:18)\n    at afterConnectMultiple (node:net:1783:7)","timestamp":"2026-05-29 19:28:07"}
{"code":"ECONNREFUSED","level":"error","message":"❌ Redis Client Error:","service":"semenconnect-api","stack":"AggregateError [ECONNREFUSED]: \n    at internalConnectMultiple (node:net:1193:18)\n    at afterConnectMultiple (node:net:1783:7)","timestamp":"2026-05-29 19:28:07"}
{"code":"ECONNREFUSED","level":"error","message":"❌ Redis Client Error:","service":"semenconnect-api","stack":"AggregateError [ECONNREFUSED]: \n    at internalConnectMultiple (node:net:1193:18)\n    at afterConnectMultiple (node:net:1783:7)","timestamp":"2026-05-29 19:28:08"}
{"code":"ECONNREFUSED","level":"error","message":"❌ Redis Client Error:","service":"semenconnect-api","stack":"AggregateError [ECONNREFUSED]: \n    at internalConnectMultiple (node:net:1193:18)\n    at afterConnectMultiple (node:net:1783:7)","timestamp":"2026-05-29 19:28:09"}
{"code":"ECONNREFUSED","level":"error","message":"❌ Redis Client Error:","service":"semenconnect-api","stack":"AggregateError [ECONNREFUSED]: \n    at internalConnectMultiple (node:net:1193:18)\n    at afterConnectMultiple (node:net:1783:7)","timestamp":"2026-05-29 19:28:09"}
{"code":"ECONNREFUSED","level":"error","message":"❌ Redis Client Error:","service":"semenconnect-api","stack":"AggregateError [ECONNREFUSED]: \n    at internalConnectMultiple (node:net:1193:18)\n    at afterConnectMultiple (node:net:1783:7)","timestamp":"2026-05-29 19:28:10"}
{"code":"ECONNREFUSED","level":"error","message":"❌ Redis Client Error:","service":"semenconnect-api","stack":"AggregateError [ECONNREFUSED]: \n    at internalConnectMultiple (node:net:1193:18)\n    at afterConnectMultiple (node:net:1783:7)","timestamp":"2026-05-29 19:28:10"}
{"code":"ECONNREFUSED","level":"error","message":"❌ Redis Client Error:","service":"semenconnect-api","stack":"AggregateError [ECONNREFUSED]: \n    at internalConnectMultiple (node:net:1193:18)\n    at afterConnectMultiple (node:net:1783:7)","timestamp":"2026-05-29 19:28:11"}
{"code":"ECONNREFUSED","level":"error","message":"❌ Redis Client Error:","service":"semenconnect-api","stack":"AggregateError [ECONNREFUSED]: \n    at internalConnectMultiple (node:net:1193:18)\n    at afterConnectMultiple (node:net:1783:7)","timestamp":"2026-05-29 19:28:11"}
{"code":"ECONNREFUSED","level":"error","message":"❌ Redis Client Error:","service":"semenconnect-api","stack":"AggregateError [ECONNREFUSED]: \n    at internalConnectMultiple (node:net:1193:18)\n    at afterConnectMultiple (node:net:1783:7)","timestamp":"2026-05-29 19:28:12"}
{"code":"ECONNREFUSED","level":"error","message":"❌ Redis Client Error:","service":"semenconnect-api","stack":"AggregateError [ECONNREFUSED]: \n    at internalConnectMultiple (node:net:1193:18)\n    at afterConnectMultiple (node:net:1783:7)","timestamp":"2026-05-29 19:28:12"}
{"code":"ECONNREFUSED","level":"error","message":"❌ Redis Client Error:","service":"semenconnect-api","stack":"AggregateError [ECONNREFUSED]: \n    at internalConnectMultiple (node:net:1193:18)\n    at afterConnectMultiple (node:net:1783:7)","timestamp":"2026-05-29 19:28:13"}
{"code":"ECONNREFUSED","level":"error","message":"❌ Redis Client Error:","service":"semenconnect-api","stack":"AggregateError [ECONNREFUSED]: \n    at internalConnectMultiple (node:net:1193:18)\n    at afterConnectMultiple (node:net:1783:7)","timestamp":"2026-05-29 19:28:13"}
{"code":"ECONNREFUSED","level":"error","message":"❌ Redis Client Error:","service":"semenconnect-api","stack":"AggregateError [ECONNREFUSED]: \n    at internalConnectMultiple (node:net:1193:18)\n    at afterConnectMultiple (node:net:1783:7)","timestamp":"2026-05-29 19:28:14"}
{"code":"ECONNREFUSED","level":"error","message":"❌ Redis Client Error:","service":"semenconnect-api","stack":"AggregateError [ECONNREFUSED]: \n    at internalConnectMultiple (node:net:1193:18)\n    at afterConnectMultiple (node:net:1783:7)","timestamp":"2026-05-29 19:28:14"}
{"code":"ECONNREFUSED","level":"error","message":"❌ Redis Client Error:","service":"semenconnect-api","stack":"AggregateError [ECONNREFUSED]: \n    at internalConnectMultiple (node:net:1193:18)\n    at afterConnectMultiple (node:net:1783:7)","timestamp":"2026-05-29 19:28:15"}
{"code":"ECONNREFUSED","level":"error","message":"❌ Redis Client Error:","service":"semenconnect-api","stack":"AggregateError [ECONNREFUSED]: \n    at internalConnectMultiple (node:net:1193:18)\n    at afterConnectMultiple (node:net:1783:7)","timestamp":"2026-05-29 19:28:15"}
{"code":"ECONNREFUSED","level":"error","message":"❌ Redis Client Error:","service":"semenconnect-api","stack":"AggregateError [ECONNREFUSED]: \n    at internalConnectMultiple (node:net:1193:18)\n    at afterConnectMultiple (node:net:1783:7)","timestamp":"2026-05-29 19:28:16"}
{"code":"ECONNREFUSED","level":"error","message":"❌ Redis Client Error:","service":"semenconnect-api","stack":"AggregateError [ECONNREFUSED]: \n    at internalConnectMultiple (node:net:1193:18)\n    at afterConnectMultiple (node:net:1783:7)","timestamp":"2026-05-29 19:28:16"}
{"code":"ECONNREFUSED","level":"error","message":"❌ Redis Client Error:","service":"semenconnect-api","stack":"AggregateError [ECONNREFUSED]: \n    at internalConnectMultiple (node:net:1193:18)\n    at afterConnectMultiple (node:net:1783:7)","timestamp":"2026-05-29 19:28:17"}
{"code":"ECONNREFUSED","level":"error","message":"❌ Redis Client Error:","service":"semenconnect-api","stack":"AggregateError [ECONNREFUSED]: \n    at internalConnectMultiple (node:net:1193:18)\n    at afterConnectMultiple (node:net:1783:7)","timestamp":"2026-05-29 19:28:17"}
{"code":"ECONNREFUSED","level":"error","message":"❌ Redis Client Error:","service":"semenconnect-api","stack":"AggregateError [ECONNREFUSED]: \n    at internalConnectMultiple (node:net:1193:18)\n    at afterConnectMultiple (node:net:1783:7)","timestamp":"2026-05-29 19:28:18"}
{"code":"ECONNREFUSED","level":"error","message":"❌ Redis Client Error:","service":"semenconnect-api","stack":"AggregateError [ECONNREFUSED]: \n    at internalConnectMultiple (node:net:1193:18)\n    at afterConnectMultiple (node:net:1783:7)","timestamp":"2026-05-29 19:28:18"}
{"code":"ECONNREFUSED","level":"error","message":"❌ Redis Client Error:","service":"semenconnect-api","stack":"AggregateError [ECONNREFUSED]: \n    at internalConnectMultiple (node:net:1193:18)\n    at afterConnectMultiple (node:net:1783:7)","timestamp":"2026-05-29 19:28:19"}
{"code":"ECONNREFUSED","level":"error","message":"❌ Redis Client Error:","service":"semenconnect-api","stack":"AggregateError [ECONNREFUSED]: \n    at internalConnectMultiple (node:net:1193:18)\n    at afterConnectMultiple (node:net:1783:7)","timestamp":"2026-05-29 19:28:19"}
{"code":"ECONNREFUSED","level":"error","message":"❌ Redis Client Error:","service":"semenconnect-api","stack":"AggregateError [ECONNREFUSED]: \n    at internalConnectMultiple (node:net:1193:18)\n    at afterConnectMultiple (node:net:1783:7)","timestamp":"2026-05-29 19:28:20"}
{"code":"ECONNREFUSED","level":"error","message":"❌ Redis Client Error:","service":"semenconnect-api","stack":"AggregateError [ECONNREFUSED]: \n    at internalConnectMultiple (node:net:1193:18)\n    at afterConnectMultiple (node:net:1783:7)","timestamp":"2026-05-29 19:28:20"}
{"code":"ECONNREFUSED","level":"error","message":"❌ Redis Client Error:","service":"semenconnect-api","stack":"AggregateError [ECONNREFUSED]: \n    at internalConnectMultiple (node:net:1193:18)\n    at afterConnectMultiple (node:net:1783:7)","timestamp":"2026-05-29 19:28:21"}
{"code":"ECONNREFUSED","level":"error","message":"❌ Redis Client Error:","service":"semenconnect-api","stack":"AggregateError [ECONNREFUSED]: \n    at internalConnectMultiple (node:net:1193:18)\n    at afterConnectMultiple (node:net:1783:7)","timestamp":"2026-05-29 19:28:21"}
{"code":"ECONNREFUSED","level":"error","message":"❌ Redis Client Error:","service":"semenconnect-api","stack":"AggregateError [ECONNREFUSED]: \n    at internalConnectMultiple (node:net:1193:18)\n    at afterConnectMultiple (node:net:1783:7)","timestamp":"2026-05-29 19:28:22"}
{"code":"ECONNREFUSED","level":"error","message":"❌ Redis Client Error:","service":"semenconnect-api","stack":"AggregateError [ECONNREFUSED]: \n    at internalConnectMultiple (node:net:1193:18)\n    at afterConnectMultiple (node:net:1783:7)","timestamp":"2026-05-29 19:28:22"}
{"code":"ECONNREFUSED","level":"error","message":"❌ Redis Client Error:","service":"semenconnect-api","stack":"AggregateError [ECONNREFUSED]: \n    at internalConnectMultiple (node:net:1193:18)\n    at afterConnectMultiple (node:net:1783:7)","timestamp":"2026-05-29 19:28:23"}
{"code":"ECONNREFUSED","level":"error","message":"❌ Redis Client Error:","service":"semenconnect-api","stack":"AggregateError [ECONNREFUSED]: \n    at internalConnectMultiple (node:net:1193:18)\n    at afterConnectMultiple (node:net:1783:7)","timestamp":"2026-05-29 19:28:23"}
{"code":"ECONNREFUSED","level":"error","message":"❌ Redis Client Error:","service":"semenconnect-api","stack":"AggregateError [ECONNREFUSED]: \n    at internalConnectMultiple (node:net:1193:18)\n    at afterConnectMultiple (node:net:1783:7)","timestamp":"2026-05-29 19:28:24"}
{"code":"ECONNREFUSED","level":"error","message":"❌ Redis Client Error:","service":"semenconnect-api","stack":"AggregateError [ECONNREFUSED]: \n    at internalConnectMultiple (node:net:1193:18)\n    at afterConnectMultiple (node:net:1783:7)","timestamp":"2026-05-29 19:28:24"}
{"code":"ECONNREFUSED","level":"error","message":"❌ Redis Client Error:","service":"semenconnect-api","stack":"AggregateError [ECONNREFUSED]: \n    at internalConnectMultiple (node:net:1193:18)\n    at afterConnectMultiple (node:net:1783:7)","timestamp":"2026-05-29 19:28:25"}
{"code":"ECONNREFUSED","level":"error","message":"❌ Redis Client Error:","service":"semenconnect-api","stack":"AggregateError [ECONNREFUSED]: \n    at internalConnectMultiple (node:net:1193:18)\n    at afterConnectMultiple (node:net:1783:7)","timestamp":"2026-05-29 19:28:26"}
{"code":"ECONNREFUSED","level":"error","message":"❌ Redis Client Error:","service":"semenconnect-api","stack":"AggregateError [ECONNREFUSED]: \n    at internalConnectMultiple (node:net:1193:18)\n    at afterConnectMultiple (node:net:1783:7)","timestamp":"2026-05-29 19:28:26"}
{"code":"ECONNREFUSED","level":"error","message":"❌ Redis Client Error:","service":"semenconnect-api","stack":"AggregateError [ECONNREFUSED]: \n    at internalConnectMultiple (node:net:1193:18)\n    at afterConnectMultiple (node:net:1783:7)","timestamp":"2026-05-29 19:28:27"}
{"code":"ECONNREFUSED","level":"error","message":"❌ Redis Client Error:","service":"semenconnect-api","stack":"AggregateError [ECONNREFUSED]: \n    at internalConnectMultiple (node:net:1193:18)\n    at afterConnectMultiple (node:net:1783:7)","timestamp":"2026-05-29 19:28:27"}
{"code":"ECONNREFUSED","level":"error","message":"❌ Redis Client Error:","service":"semenconnect-api","stack":"AggregateError [ECONNREFUSED]: \n    at internalConnectMultiple (node:net:1193:18)\n    at afterConnectMultiple (node:net:1783:7)","timestamp":"2026-05-29 19:28:28"}
{"code":"ECONNREFUSED","level":"error","message":"❌ Redis Client Error:","service":"semenconnect-api","stack":"AggregateError [ECONNREFUSED]: \n    at internalConnectMultiple (node:net:1193:18)\n    at afterConnectMultiple (node:net:1783:7)","timestamp":"2026-05-29 19:28:28"}
{"code":"ECONNREFUSED","level":"error","message":"❌ Redis Client Error:","service":"semenconnect-api","stack":"AggregateError [ECONNREFUSED]: \n    at internalConnectMultiple (node:net:1193:18)\n    at afterConnectMultiple (node:net:1783:7)","timestamp":"2026-05-29 19:28:29"}
{"code":"ECONNREFUSED","level":"error","message":"❌ Redis Client Error:","service":"semenconnect-api","stack":"AggregateError [ECONNREFUSED]: \n    at internalConnectMultiple (node:net:1193:18)\n    at afterConnectMultiple (node:net:1783:7)","timestamp":"2026-05-29 19:28:29"}
{"code":"ECONNREFUSED","level":"error","message":"❌ Redis Client Error:","service":"semenconnect-api","stack":"AggregateError [ECONNREFUSED]: \n    at internalConnectMultiple (node:net:1193:18)\n    at afterConnectMultiple (node:net:1783:7)","timestamp":"2026-05-29 19:28:30"}
{"code":"ECONNREFUSED","level":"error","message":"❌ Redis Client Error:","service":"semenconnect-api","stack":"AggregateError [ECONNREFUSED]: \n    at internalConnectMultiple (node:net:1193:18)\n    at afterConnectMultiple (node:net:1783:7)","timestamp":"2026-05-29 19:28:30"}
{"code":"ECONNREFUSED","level":"error","message":"❌ Redis Client Error:","service":"semenconnect-api","stack":"AggregateError [ECONNREFUSED]: \n    at internalConnectMultiple (node:net:1193:18)\n    at afterConnectMultiple (node:net:1783:7)","timestamp":"2026-05-29 19:28:31"}
{"code":"ECONNREFUSED","level":"error","message":"❌ Redis Client Error:","service":"semenconnect-api","stack":"AggregateError [ECONNREFUSED]: \n    at internalConnectMultiple (node:net:1193:18)\n    at afterConnectMultiple (node:net:1783:7)","timestamp":"2026-05-29 19:28:31"}
{"code":"ECONNREFUSED","level":"error","message":"❌ Redis Client Error:","service":"semenconnect-api","stack":"AggregateError [ECONNREFUSED]: \n    at internalConnectMultiple (node:net:1193:18)\n    at afterConnectMultiple (node:net:1783:7)","timestamp":"2026-05-29 19:28:32"}
{"code":"ECONNREFUSED","level":"error","message":"❌ Redis Client Error:","service":"semenconnect-api","stack":"AggregateError [ECONNREFUSED]: \n    at internalConnectMultiple (node:net:1193:18)\n    at afterConnectMultiple (node:net:1783:7)","timestamp":"2026-05-29 19:28:32"}
{"code":"ECONNREFUSED","level":"error","message":"❌ Redis Client Error:","service":"semenconnect-api","stack":"AggregateError [ECONNREFUSED]: \n    at internalConnectMultiple (node:net:1193:18)\n    at afterConnectMultiple (node:net:1783:7)","timestamp":"2026-05-29 19:28:33"}
{"code":"ECONNREFUSED","level":"error","message":"❌ Redis Client Error:","service":"semenconnect-api","stack":"AggregateError [ECONNREFUSED]: \n    at internalConnectMultiple (node:net:1193:18)\n    at afterConnectMultiple (node:net:1783:7)","timestamp":"2026-05-29 19:28:33"}
{"code":"ECONNREFUSED","level":"error","message":"❌ Redis Client Error:","service":"semenconnect-api","stack":"AggregateError [ECONNREFUSED]: \n    at internalConnectMultiple (node:net:1193:18)\n    at afterConnectMultiple (node:net:1783:7)","timestamp":"2026-05-29 19:28:34"}
{"code":"ECONNREFUSED","level":"error","message":"❌ Redis Client Error:","service":"semenconnect-api","stack":"AggregateError [ECONNREFUSED]: \n    at internalConnectMultiple (node:net:1193:18)\n    at afterConnectMultiple (node:net:1783:7)","timestamp":"2026-05-29 19:28:34"}
{"code":"ECONNREFUSED","level":"error","message":"❌ Redis Client Error:","service":"semenconnect-api","stack":"AggregateError [ECONNREFUSED]: \n    at internalConnectMultiple (node:net:1193:18)\n    at afterConnectMultiple (node:net:1783:7)","timestamp":"2026-05-29 19:28:35"}
{"code":"ECONNREFUSED","level":"error","message":"❌ Redis Client Error:","service":"semenconnect-api","stack":"AggregateError [ECONNREFUSED]: \n    at internalConnectMultiple (node:net:1193:18)\n    at afterConnectMultiple (node:net:1783:7)","timestamp":"2026-05-29 19:28:35"}
{"code":"ECONNREFUSED","level":"error","message":"❌ Redis Client Error:","service":"semenconnect-api","stack":"AggregateError [ECONNREFUSED]: \n    at internalConnectMultiple (node:net:1193:18)\n    at afterConnectMultiple (node:net:1783:7)","timestamp":"2026-05-29 19:28:36"}
{"code":"ECONNREFUSED","level":"error","message":"❌ Redis Client Error:","service":"semenconnect-api","stack":"AggregateError [ECONNREFUSED]: \n    at internalConnectMultiple (node:net:1193:18)\n    at afterConnectMultiple (node:net:1783:7)","timestamp":"2026-05-29 19:28:36"}
{"code":"ECONNREFUSED","level":"error","message":"❌ Redis Client Error:","service":"semenconnect-api","stack":"AggregateError [ECONNREFUSED]: \n    at internalConnectMultiple (node:net:1193:18)\n    at afterConnectMultiple (node:net:1783:7)","timestamp":"2026-05-29 19:28:37"}
{"code":"ECONNREFUSED","level":"error","message":"❌ Redis Client Error:","service":"semenconnect-api","stack":"AggregateError [ECONNREFUSED]: \n    at internalConnectMultiple (node:net:1193:18)\n    at afterConnectMultiple (node:net:1783:7)","timestamp":"2026-05-29 19:28:37"}
{"code":"ECONNREFUSED","level":"error","message":"❌ Redis Client Error:","service":"semenconnect-api","stack":"AggregateError [ECONNREFUSED]: \n    at internalConnectMultiple (node:net:1193:18)\n    at afterConnectMultiple (node:net:1783:7)","timestamp":"2026-05-29 19:28:38"}
{"level":"error","message":"Failed to connect to PostgreSQL: column \"vehicleId\" does not exist","service":"semenconnect-api","timestamp":"2026-05-29 19:28:38"}
{"code":"ECONNREFUSED","level":"error","message":"❌ Redis Client Error:","service":"semenconnect-api","stack":"AggregateError [ECONNREFUSED]: \n    at internalConnectMultiple (node:net:1193:18)\n    at afterConnectMultiple (node:net:1783:7)","timestamp":"2026-05-29 19:29:03"}
{"code":"ECONNREFUSED","level":"error","message":"❌ Redis Client Error:","service":"semenconnect-api","stack":"AggregateError [ECONNREFUSED]: \n    at internalConnectMultiple (node:net:1193:18)\n    at afterConnectMultiple (node:net:1783:7)","timestamp":"2026-05-29 19:29:03"}
{"code":"ECONNREFUSED","level":"error","message":"❌ Redis Client Error:","service":"semenconnect-api","stack":"AggregateError [ECONNREFUSED]: \n    at internalConnectMultiple (node:net:1193:18)\n    at afterConnectMultiple (node:net:1783:7)","timestamp":"2026-05-29 19:29:03"}
{"code":"ECONNREFUSED","level":"error","message":"❌ Redis Client Error:","service":"semenconnect-api","stack":"AggregateError [ECONNREFUSED]: \n    at internalConnectMultiple (node:net:1193:18)\n    at afterConnectMultiple (node:net:1783:7)","timestamp":"2026-05-29 19:29:04"}
{"code":"ECONNREFUSED","level":"error","message":"❌ Redis Client Error:","service":"semenconnect-api","stack":"AggregateError [ECONNREFUSED]: \n    at internalConnectMultiple (node:net:1193:18)\n    at afterConnectMultiple (node:net:1783:7)","timestamp":"2026-05-29 19:29:04"}
{"code":"ECONNREFUSED","level":"error","message":"❌ Redis Client Error:","service":"semenconnect-api","stack":"AggregateError [ECONNREFUSED]: \n    at internalConnectMultiple (node:net:1193:18)\n    at afterConnectMultiple (node:net:1783:7)","timestamp":"2026-05-29 19:29:04"}
{"code":"ECONNREFUSED","level":"error","message":"❌ Redis Client Error:","service":"semenconnect-api","stack":"AggregateError [ECONNREFUSED]: \n    at internalConnectMultiple (node:net:1193:18)\n    at afterConnectMultiple (node:net:1783:7)","timestamp":"2026-05-29 19:29:04"}
{"code":"ECONNREFUSED","level":"error","message":"❌ Redis Client Error:","service":"semenconnect-api","stack":"AggregateError [ECONNREFUSED]: \n    at internalConnectMultiple (node:net:1193:18)\n    at afterConnectMultiple (node:net:1783:7)","timestamp":"2026-05-29 19:29:04"}
{"code":"ECONNREFUSED","level":"error","message":"❌ Redis Client Error:","service":"semenconnect-api","stack":"AggregateError [ECONNREFUSED]: \n    at internalConnectMultiple (node:net:1193:18)\n    at afterConnectMultiple (node:net:1783:7)","timestamp":"2026-05-29 19:29:05"}
{"code":"ECONNREFUSED","level":"error","message":"❌ Redis Client Error:","service":"semenconnect-api","stack":"AggregateError [ECONNREFUSED]: \n    at internalConnectMultiple (node:net:1193:18)\n    at afterConnectMultiple (node:net:1783:7)","timestamp":"2026-05-29 19:29:05"}
{"code":"ECONNREFUSED","level":"error","message":"❌ Redis Client Error:","service":"semenconnect-api","stack":"AggregateError [ECONNREFUSED]: \n    at internalConnectMultiple (node:net:1193:18)\n    at afterConnectMultiple (node:net:1783:7)","timestamp":"2026-05-29 19:29:06"}
{"code":"ECONNREFUSED","level":"error","message":"❌ Redis Client Error:","service":"semenconnect-api","stack":"AggregateError [ECONNREFUSED]: \n    at internalConnectMultiple (node:net:1193:18)\n    at afterConnectMultiple (node:net:1783:7)","timestamp":"2026-05-29 19:29:06"}
{"code":"ECONNREFUSED","level":"error","message":"❌ Redis Client Error:","service":"semenconnect-api","stack":"AggregateError [ECONNREFUSED]: \n    at internalConnectMultiple (node:net:1193:18)\n    at afterConnectMultiple (node:net:1783:7)","timestamp":"2026-05-29 19:29:07"}
{"code":"ECONNREFUSED","level":"error","message":"❌ Redis Client Error:","service":"semenconnect-api","stack":"AggregateError [ECONNREFUSED]: \n    at internalConnectMultiple (node:net:1193:18)\n    at afterConnectMultiple (node:net:1783:7)","timestamp":"2026-05-29 19:29:07"}
{"code":"ECONNREFUSED","level":"error","message":"❌ Redis Client Error:","service":"semenconnect-api","stack":"AggregateError [ECONNREFUSED]: \n    at internalConnectMultiple (node:net:1193:18)\n    at afterConnectMultiple (node:net:1783:7)","timestamp":"2026-05-29 19:29:08"}
{"code":"ECONNREFUSED","level":"error","message":"❌ Redis Client Error:","service":"semenconnect-api","stack":"AggregateError [ECONNREFUSED]: \n    at internalConnectMultiple (node:net:1193:18)\n    at afterConnectMultiple (node:net:1783:7)","timestamp":"2026-05-29 19:29:08"}
{"code":"ECONNREFUSED","level":"error","message":"❌ Redis Client Error:","service":"semenconnect-api","stack":"AggregateError [ECONNREFUSED]: \n    at internalConnectMultiple (node:net:1193:18)\n    at afterConnectMultiple (node:net:1783:7)","timestamp":"2026-05-29 19:29:09"}
{"code":"ECONNREFUSED","level":"error","message":"❌ Redis Client Error:","service":"semenconnect-api","stack":"AggregateError [ECONNREFUSED]: \n    at internalConnectMultiple (node:net:1193:18)\n    at afterConnectMultiple (node:net:1783:7)","timestamp":"2026-05-29 19:29:09"}
{"code":"ECONNREFUSED","level":"error","message":"❌ Redis Client Error:","service":"semenconnect-api","stack":"AggregateError [ECONNREFUSED]: \n    at internalConnectMultiple (node:net:1193:18)\n    at afterConnectMultiple (node:net:1783:7)","timestamp":"2026-05-29 19:29:10"}
{"code":"ECONNREFUSED","level":"error","message":"❌ Redis Client Error:","service":"semenconnect-api","stack":"AggregateError [ECONNREFUSED]: \n    at internalConnectMultiple (node:net:1193:18)\n    at afterConnectMultiple (node:net:1783:7)","timestamp":"2026-05-29 19:29:10"}
{"code":"ECONNREFUSED","level":"error","message":"❌ Redis Client Error:","service":"semenconnect-api","stack":"AggregateError [ECONNREFUSED]: \n    at internalConnectMultiple (node:net:1193:18)\n    at afterConnectMultiple (node:net:1783:7)","timestamp":"2026-05-29 19:29:11"}
{"code":"ECONNREFUSED","level":"error","message":"❌ Redis Client Error:","service":"semenconnect-api","stack":"AggregateError [ECONNREFUSED]: \n    at internalConnectMultiple (node:net:1193:18)\n    at afterConnectMultiple (node:net:1783:7)","timestamp":"2026-05-29 19:29:11"}
{"code":"ECONNREFUSED","level":"error","message":"❌ Redis Client Error:","service":"semenconnect-api","stack":"AggregateError [ECONNREFUSED]: \n    at internalConnectMultiple (node:net:1193:18)\n    at afterConnectMultiple (node:net:1783:7)","timestamp":"2026-05-29 19:29:12"}
{"code":"ECONNREFUSED","level":"error","message":"❌ Redis Client Error:","service":"semenconnect-api","stack":"AggregateError [ECONNREFUSED]: \n    at internalConnectMultiple (node:net:1193:18)\n    at afterConnectMultiple (node:net:1783:7)","timestamp":"2026-05-29 19:29:12"}
{"code":"ECONNREFUSED","level":"error","message":"❌ Redis Client Error:","service":"semenconnect-api","stack":"AggregateError [ECONNREFUSED]: \n    at internalConnectMultiple (node:net:1193:18)\n    at afterConnectMultiple (node:net:1783:7)","timestamp":"2026-05-29 19:29:13"}
{"code":"ECONNREFUSED","level":"error","message":"❌ Redis Client Error:","service":"semenconnect-api","stack":"AggregateError [ECONNREFUSED]: \n    at internalConnectMultiple (node:net:1193:18)\n    at afterConnectMultiple (node:net:1783:7)","timestamp":"2026-05-29 19:29:13"}
{"code":"ECONNREFUSED","level":"error","message":"❌ Redis Client Error:","service":"semenconnect-api","stack":"AggregateError [ECONNREFUSED]: \n    at internalConnectMultiple (node:net:1193:18)\n    at afterConnectMultiple (node:net:1783:7)","timestamp":"2026-05-29 19:29:14"}
{"code":"ECONNREFUSED","level":"error","message":"❌ Redis Client Error:","service":"semenconnect-api","stack":"AggregateError [ECONNREFUSED]: \n    at internalConnectMultiple (node:net:1193:18)\n    at afterConnectMultiple (node:net:1783:7)","timestamp":"2026-05-29 19:29:14"}
{"code":"ECONNREFUSED","level":"error","message":"❌ Redis Client Error:","service":"semenconnect-api","stack":"AggregateError [ECONNREFUSED]: \n    at internalConnectMultiple (node:net:1193:18)\n    at afterConnectMultiple (node:net:1783:7)","timestamp":"2026-05-29 19:29:15"}
{"code":"ECONNREFUSED","level":"error","message":"❌ Redis Client Error:","service":"semenconnect-api","stack":"AggregateError [ECONNREFUSED]: \n    at internalConnectMultiple (node:net:1193:18)\n    at afterConnectMultiple (node:net:1783:7)","timestamp":"2026-05-29 19:29:16"}
{"code":"ECONNREFUSED","level":"error","message":"❌ Redis Client Error:","service":"semenconnect-api","stack":"AggregateError [ECONNREFUSED]: \n    at internalConnectMultiple (node:net:1193:18)\n    at afterConnectMultiple (node:net:1783:7)","timestamp":"2026-05-29 19:29:16"}
{"code":"ECONNREFUSED","level":"error","message":"❌ Redis Client Error:","service":"semenconnect-api","stack":"AggregateError [ECONNREFUSED]: \n    at internalConnectMultiple (node:net:1193:18)\n    at afterConnectMultiple (node:net:1783:7)","timestamp":"2026-05-29 19:29:17"}
{"code":"ECONNREFUSED","level":"error","message":"❌ Redis Client Error:","service":"semenconnect-api","stack":"AggregateError [ECONNREFUSED]: \n    at internalConnectMultiple (node:net:1193:18)\n    at afterConnectMultiple (node:net:1783:7)","timestamp":"2026-05-29 19:29:17"}
{"code":"ECONNREFUSED","level":"error","message":"❌ Redis Client Error:","service":"semenconnect-api","stack":"AggregateError [ECONNREFUSED]: \n    at internalConnectMultiple (node:net:1193:18)\n    at afterConnectMultiple (node:net:1783:7)","timestamp":"2026-05-29 19:29:18"}
{"code":"ECONNREFUSED","level":"error","message":"❌ Redis Client Error:","service":"semenconnect-api","stack":"AggregateError [ECONNREFUSED]: \n    at internalConnectMultiple (node:net:1193:18)\n    at afterConnectMultiple (node:net:1783:7)","timestamp":"2026-05-29 19:29:18"}
{"code":"ECONNREFUSED","level":"error","message":"❌ Redis Client Error:","service":"semenconnect-api","stack":"AggregateError [ECONNREFUSED]: \n    at internalConnectMultiple (node:net:1193:18)\n    at afterConnectMultiple (node:net:1783:7)","timestamp":"2026-05-29 19:29:19"}
{"code":"ECONNREFUSED","level":"error","message":"❌ Redis Client Error:","service":"semenconnect-api","stack":"AggregateError [ECONNREFUSED]: \n    at internalConnectMultiple (node:net:1193:18)\n    at afterConnectMultiple (node:net:1783:7)","timestamp":"2026-05-29 19:29:19"}
{"code":"ECONNREFUSED","level":"error","message":"❌ Redis Client Error:","service":"semenconnect-api","stack":"AggregateError [ECONNREFUSED]: \n    at internalConnectMultiple (node:net:1193:18)\n    at afterConnectMultiple (node:net:1783:7)","timestamp":"2026-05-29 19:29:20"}
{"code":"ECONNREFUSED","level":"error","message":"❌ Redis Client Error:","service":"semenconnect-api","stack":"AggregateError [ECONNREFUSED]: \n    at internalConnectMultiple (node:net:1193:18)\n    at afterConnectMultiple (node:net:1783:7)","timestamp":"2026-05-29 19:29:20"}
{"code":"ECONNREFUSED","level":"error","message":"❌ Redis Client Error:","service":"semenconnect-api","stack":"AggregateError [ECONNREFUSED]: \n    at internalConnectMultiple (node:net:1193:18)\n    at afterConnectMultiple (node:net:1783:7)","timestamp":"2026-05-29 19:29:21"}
{"code":"ECONNREFUSED","level":"error","message":"❌ Redis Client Error:","service":"semenconnect-api","stack":"AggregateError [ECONNREFUSED]: \n    at internalConnectMultiple (node:net:1193:18)\n    at afterConnectMultiple (node:net:1783:7)","timestamp":"2026-05-29 19:29:21"}
{"code":"ECONNREFUSED","level":"error","message":"❌ Redis Client Error:","service":"semenconnect-api","stack":"AggregateError [ECONNREFUSED]: \n    at internalConnectMultiple (node:net:1193:18)\n    at afterConnectMultiple (node:net:1783:7)","timestamp":"2026-05-29 19:29:22"}
{"code":"ECONNREFUSED","level":"error","message":"❌ Redis Client Error:","service":"semenconnect-api","stack":"AggregateError [ECONNREFUSED]: \n    at internalConnectMultiple (node:net:1193:18)\n    at afterConnectMultiple (node:net:1783:7)","timestamp":"2026-05-29 19:29:22"}
{"code":"ECONNREFUSED","level":"error","message":"❌ Redis Client Error:","service":"semenconnect-api","stack":"AggregateError [ECONNREFUSED]: \n    at internalConnectMultiple (node:net:1193:18)\n    at afterConnectMultiple (node:net:1783:7)","timestamp":"2026-05-29 19:29:23"}
{"code":"ECONNREFUSED","level":"error","message":"❌ Redis Client Error:","service":"semenconnect-api","stack":"AggregateError [ECONNREFUSED]: \n    at internalConnectMultiple (node:net:1193:18)\n    at afterConnectMultiple (node:net:1783:7)","timestamp":"2026-05-29 19:29:23"}
{"code":"ECONNREFUSED","level":"error","message":"❌ Redis Client Error:","service":"semenconnect-api","stack":"AggregateError [ECONNREFUSED]: \n    at internalConnectMultiple (node:net:1193:18)\n    at afterConnectMultiple (node:net:1783:7)","timestamp":"2026-05-29 19:29:24"}
{"code":"ECONNREFUSED","level":"error","message":"❌ Redis Client Error:","service":"semenconnect-api","stack":"AggregateError [ECONNREFUSED]: \n    at internalConnectMultiple (node:net:1193:18)\n    at afterConnectMultiple (node:net:1783:7)","timestamp":"2026-05-29 19:29:24"}
{"code":"ECONNREFUSED","level":"error","message":"❌ Redis Client Error:","service":"semenconnect-api","stack":"AggregateError [ECONNREFUSED]: \n    at internalConnectMultiple (node:net:1193:18)\n    at afterConnectMultiple (node:net:1783:7)","timestamp":"2026-05-29 19:29:25"}
{"code":"ECONNREFUSED","level":"error","message":"❌ Redis Client Error:","service":"semenconnect-api","stack":"AggregateError [ECONNREFUSED]: \n    at internalConnectMultiple (node:net:1193:18)\n    at afterConnectMultiple (node:net:1783:7)","timestamp":"2026-05-29 19:29:25"}
{"code":"ECONNREFUSED","level":"error","message":"❌ Redis Client Error:","service":"semenconnect-api","stack":"AggregateError [ECONNREFUSED]: \n    at internalConnectMultiple (node:net:1193:18)\n    at afterConnectMultiple (node:net:1783:7)","timestamp":"2026-05-29 19:29:26"}
{"code":"ECONNREFUSED","level":"error","message":"❌ Redis Client Error:","service":"semenconnect-api","stack":"AggregateError [ECONNREFUSED]: \n    at internalConnectMultiple (node:net:1193:18)\n    at afterConnectMultiple (node:net:1783:7)","timestamp":"2026-05-29 19:29:26"}
{"code":"ECONNREFUSED","level":"error","message":"❌ Redis Client Error:","service":"semenconnect-api","stack":"AggregateError [ECONNREFUSED]: \n    at internalConnectMultiple (node:net:1193:18)\n    at afterConnectMultiple (node:net:1783:7)","timestamp":"2026-05-29 19:29:27"}
{"code":"ECONNREFUSED","level":"error","message":"❌ Redis Client Error:","service":"semenconnect-api","stack":"AggregateError [ECONNREFUSED]: \n    at internalConnectMultiple (node:net:1193:18)\n    at afterConnectMultiple (node:net:1783:7)","timestamp":"2026-05-29 19:29:27"}
{"code":"ECONNREFUSED","level":"error","message":"❌ Redis Client Error:","service":"semenconnect-api","stack":"AggregateError [ECONNREFUSED]: \n    at internalConnectMultiple (node:net:1193:18)\n    at afterConnectMultiple (node:net:1783:7)","timestamp":"2026-05-29 19:29:28"}
{"code":"ECONNREFUSED","level":"error","message":"❌ Redis Client Error:","service":"semenconnect-api","stack":"AggregateError [ECONNREFUSED]: \n    at internalConnectMultiple (node:net:1193:18)\n    at afterConnectMultiple (node:net:1783:7)","timestamp":"2026-05-29 19:29:28"}
{"code":"ECONNREFUSED","level":"error","message":"❌ Redis Client Error:","service":"semenconnect-api","stack":"AggregateError [ECONNREFUSED]: \n    at internalConnectMultiple (node:net:1193:18)\n    at afterConnectMultiple (node:net:1783:7)","timestamp":"2026-05-29 19:29:29"}
{"code":"ECONNREFUSED","level":"error","message":"❌ Redis Client Error:","service":"semenconnect-api","stack":"AggregateError [ECONNREFUSED]: \n    at internalConnectMultiple (node:net:1193:18)\n    at afterConnectMultiple (node:net:1783:7)","timestamp":"2026-05-29 19:29:29"}
{"code":"ECONNREFUSED","level":"error","message":"❌ Redis Client Error:","service":"semenconnect-api","stack":"AggregateError [ECONNREFUSED]: \n    at internalConnectMultiple (node:net:1193:18)\n    at afterConnectMultiple (node:net:1783:7)","timestamp":"2026-05-29 19:29:30"}
{"code":"ECONNREFUSED","level":"error","message":"❌ Redis Client Error:","service":"semenconnect-api","stack":"AggregateError [ECONNREFUSED]: \n    at internalConnectMultiple (node:net:1193:18)\n    at afterConnectMultiple (node:net:1783:7)","timestamp":"2026-05-29 19:29:30"}
{"code":"ECONNREFUSED","level":"error","message":"❌ Redis Client Error:","service":"semenconnect-api","stack":"AggregateError [ECONNREFUSED]: \n    at internalConnectMultiple (node:net:1193:18)\n    at afterConnectMultiple (node:net:1783:7)","timestamp":"2026-05-29 19:29:31"}
{"code":"ECONNREFUSED","level":"error","message":"❌ Redis Client Error:","service":"semenconnect-api","stack":"AggregateError [ECONNREFUSED]: \n    at internalConnectMultiple (node:net:1193:18)\n    at afterConnectMultiple (node:net:1783:7)","timestamp":"2026-05-29 19:29:31"}
{"code":"ECONNREFUSED","level":"error","message":"❌ Redis Client Error:","service":"semenconnect-api","stack":"AggregateError [ECONNREFUSED]: \n    at internalConnectMultiple (node:net:1193:18)\n    at afterConnectMultiple (node:net:1783:7)","timestamp":"2026-05-29 19:29:32"}
{"code":"ECONNREFUSED","level":"error","message":"❌ Redis Client Error:","service":"semenconnect-api","stack":"AggregateError [ECONNREFUSED]: \n    at internalConnectMultiple (node:net:1193:18)\n    at afterConnectMultiple (node:net:1783:7)","timestamp":"2026-05-29 19:29:33"}
{"code":"ECONNREFUSED","level":"error","message":"❌ Redis Client Error:","service":"semenconnect-api","stack":"AggregateError [ECONNREFUSED]: \n    at internalConnectMultiple (node:net:1193:18)\n    at afterConnectMultiple (node:net:1783:7)","timestamp":"2026-05-29 19:29:33"}
{"code":"ECONNREFUSED","level":"error","message":"❌ Redis Client Error:","service":"semenconnect-api","stack":"AggregateError [ECONNREFUSED]: \n    at internalConnectMultiple (node:net:1193:18)\n    at afterConnectMultiple (node:net:1783:7)","timestamp":"2026-05-29 19:29:34"}
{"code":"ECONNREFUSED","level":"error","message":"❌ Redis Client Error:","service":"semenconnect-api","stack":"AggregateError [ECONNREFUSED]: \n    at internalConnectMultiple (node:net:1193:18)\n    at afterConnectMultiple (node:net:1783:7)","timestamp":"2026-05-29 19:29:34"}
{"code":"ECONNREFUSED","level":"error","message":"❌ Redis Client Error:","service":"semenconnect-api","stack":"AggregateError [ECONNREFUSED]: \n    at internalConnectMultiple (node:net:1193:18)\n    at afterConnectMultiple (node:net:1783:7)","timestamp":"2026-05-29 19:29:35"}
{"code":"ECONNREFUSED","level":"error","message":"❌ Redis Client Error:","service":"semenconnect-api","stack":"AggregateError [ECONNREFUSED]: \n    at internalConnectMultiple (node:net:1193:18)\n    at afterConnectMultiple (node:net:1783:7)","timestamp":"2026-05-29 19:29:35"}
{"code":"ECONNREFUSED","level":"error","message":"❌ Redis Client Error:","service":"semenconnect-api","stack":"AggregateError [ECONNREFUSED]: \n    at internalConnectMultiple (node:net:1193:18)\n    at afterConnectMultiple (node:net:1783:7)","timestamp":"2026-05-29 19:29:36"}
{"code":"ECONNREFUSED","level":"error","message":"❌ Redis Client Error:","service":"semenconnect-api","stack":"AggregateError [ECONNREFUSED]: \n    at internalConnectMultiple (node:net:1193:18)\n    at afterConnectMultiple (node:net:1783:7)","timestamp":"2026-05-29 19:29:36"}
{"code":"ECONNREFUSED","level":"error","message":"❌ Redis Client Error:","service":"semenconnect-api","stack":"AggregateError [ECONNREFUSED]: \n    at internalConnectMultiple (node:net:1193:18)\n    at afterConnectMultiple (node:net:1783:7)","timestamp":"2026-05-29 19:29:37"}
{"code":"ECONNREFUSED","level":"error","message":"❌ Redis Client Error:","service":"semenconnect-api","stack":"AggregateError [ECONNREFUSED]: \n    at internalConnectMultiple (node:net:1193:18)\n    at afterConnectMultiple (node:net:1783:7)","timestamp":"2026-05-29 19:29:37"}
{"code":"ECONNREFUSED","level":"error","message":"❌ Redis Client Error:","service":"semenconnect-api","stack":"AggregateError [ECONNREFUSED]: \n    at internalConnectMultiple (node:net:1193:18)\n    at afterConnectMultiple (node:net:1783:7)","timestamp":"2026-05-29 19:29:38"}
{"code":"ECONNREFUSED","level":"error","message":"❌ Redis Client Error:","service":"semenconnect-api","stack":"AggregateError [ECONNREFUSED]: \n    at internalConnectMultiple (node:net:1193:18)\n    at afterConnectMultiple (node:net:1783:7)","timestamp":"2026-05-29 19:29:38"}
{"code":"ECONNREFUSED","level":"error","message":"❌ Redis Client Error:","service":"semenconnect-api","stack":"AggregateError [ECONNREFUSED]: \n    at internalConnectMultiple (node:net:1193:18)\n    at afterConnectMultiple (node:net:1783:7)","timestamp":"2026-05-29 19:29:39"}
{"code":"ECONNREFUSED","level":"error","message":"❌ Redis Client Error:","service":"semenconnect-api","stack":"AggregateError [ECONNREFUSED]: \n    at internalConnectMultiple (node:net:1193:18)\n    at afterConnectMultiple (node:net:1783:7)","timestamp":"2026-05-29 19:29:39"}
{"code":"ECONNREFUSED","level":"error","message":"❌ Redis Client Error:","service":"semenconnect-api","stack":"AggregateError [ECONNREFUSED]: \n    at internalConnectMultiple (node:net:1193:18)\n    at afterConnectMultiple (node:net:1783:7)","timestamp":"2026-05-29 19:29:40"}
{"code":"ECONNREFUSED","level":"error","message":"❌ Redis Client Error:","service":"semenconnect-api","stack":"AggregateError [ECONNREFUSED]: \n    at internalConnectMultiple (node:net:1193:18)\n    at afterConnectMultiple (node:net:1783:7)","timestamp":"2026-05-29 19:29:40"}
{"code":"ECONNREFUSED","level":"error","message":"❌ Redis Client Error:","service":"semenconnect-api","stack":"AggregateError [ECONNREFUSED]: \n    at internalConnectMultiple (node:net:1193:18)\n    at afterConnectMultiple (node:net:1783:7)","timestamp":"2026-05-29 19:29:41"}
{"code":"ECONNREFUSED","level":"error","message":"❌ Redis Client Error:","service":"semenconnect-api","stack":"AggregateError [ECONNREFUSED]: \n    at internalConnectMultiple (node:net:1193:18)\n    at afterConnectMultiple (node:net:1783:7)","timestamp":"2026-05-29 19:29:41"}
{"code":"ECONNREFUSED","level":"error","message":"❌ Redis Client Error:","service":"semenconnect-api","stack":"AggregateError [ECONNREFUSED]: \n    at internalConnectMultiple (node:net:1193:18)\n    at afterConnectMultiple (node:net:1783:7)","timestamp":"2026-05-29 19:29:42"}
{"code":"ECONNREFUSED","level":"error","message":"❌ Redis Client Error:","service":"semenconnect-api","stack":"AggregateError [ECONNREFUSED]: \n    at internalConnectMultiple (node:net:1193:18)\n    at afterConnectMultiple (node:net:1783:7)","timestamp":"2026-05-29 19:29:42"}
{"code":"ECONNREFUSED","level":"error","message":"❌ Redis Client Error:","service":"semenconnect-api","stack":"AggregateError [ECONNREFUSED]: \n    at internalConnectMultiple (node:net:1193:18)\n    at afterConnectMultiple (node:net:1783:7)","timestamp":"2026-05-29 19:29:43"}
{"code":"ECONNREFUSED","level":"error","message":"❌ Redis Client Error:","service":"semenconnect-api","stack":"AggregateError [ECONNREFUSED]: \n    at internalConnectMultiple (node:net:1193:18)\n    at afterConnectMultiple (node:net:1783:7)","timestamp":"2026-05-29 19:29:43"}
{"code":"ECONNREFUSED","level":"error","message":"❌ Redis Client Error:","service":"semenconnect-api","stack":"AggregateError [ECONNREFUSED]: \n    at internalConnectMultiple (node:net:1193:18)\n    at afterConnectMultiple (node:net:1783:7)","timestamp":"2026-05-29 19:29:44"}
{"code":"ECONNREFUSED","level":"error","message":"❌ Redis Client Error:","service":"semenconnect-api","stack":"AggregateError [ECONNREFUSED]: \n    at internalConnectMultiple (node:net:1193:18)\n    at afterConnectMultiple (node:net:1783:7)","timestamp":"2026-05-29 19:29:44"}
{"level":"error","message":"Failed to connect to PostgreSQL: column \"vehicleId\" does not exist","service":"semenconnect-api","timestamp":"2026-05-29 19:29:44"}
{"code":"ECONNREFUSED","level":"error","message":"❌ Redis Client Error:","service":"semenconnect-api","stack":"AggregateError [ECONNREFUSED]: \n    at internalConnectMultiple (node:net:1193:18)\n    at afterConnectMultiple (node:net:1783:7)","timestamp":"2026-05-29 19:32:12"}
{"code":"ECONNREFUSED","level":"error","message":"❌ Redis Client Error:","service":"semenconnect-api","stack":"AggregateError [ECONNREFUSED]: \n    at internalConnectMultiple (node:net:1193:18)\n    at afterConnectMultiple (node:net:1783:7)","timestamp":"2026-05-29 19:32:12"}
{"code":"ECONNREFUSED","level":"error","message":"❌ Redis Client Error:","service":"semenconnect-api","stack":"AggregateError [ECONNREFUSED]: \n    at internalConnectMultiple (node:net:1193:18)\n    at afterConnectMultiple (node:net:1783:7)","timestamp":"2026-05-29 19:32:12"}
{"code":"ECONNREFUSED","level":"error","message":"❌ Redis Client Error:","service":"semenconnect-api","stack":"AggregateError [ECONNREFUSED]: \n    at internalConnectMultiple (node:net:1193:18)\n    at afterConnectMultiple (node:net:1783:7)","timestamp":"2026-05-29 19:32:12"}
{"code":"ECONNREFUSED","level":"error","message":"❌ Redis Client Error:","service":"semenconnect-api","stack":"AggregateError [ECONNREFUSED]: \n    at internalConnectMultiple (node:net:1193:18)\n    at afterConnectMultiple (node:net:1783:7)","timestamp":"2026-05-29 19:32:13"}
{"code":"ECONNREFUSED","level":"error","message":"❌ Redis Client Error:","service":"semenconnect-api","stack":"AggregateError [ECONNREFUSED]: \n    at internalConnectMultiple (node:net:1193:18)\n    at afterConnectMultiple (node:net:1783:7)","timestamp":"2026-05-29 19:32:13"}
{"code":"ECONNREFUSED","level":"error","message":"❌ Redis Client Error:","service":"semenconnect-api","stack":"AggregateError [ECONNREFUSED]: \n    at internalConnectMultiple (node:net:1193:18)\n    at afterConnectMultiple (node:net:1783:7)","timestamp":"2026-05-29 19:32:13"}
{"level":"error","message":"Failed to connect to PostgreSQL: column \"vehicleId\" does not exist","service":"semenconnect-api","timestamp":"2026-05-29 20:15:19"}
{"level":"error","message":"Failed to connect to PostgreSQL: cannot cast type enum_routes_transport_type[] to enum_routes_transport_type","service":"semenconnect-api","timestamp":"2026-05-29 20:17:04"}
{"level":"error","message":"Failed to connect to PostgreSQL: cannot cast type enum_schedules_recurring_days[] to enum_schedules_recurring_days","service":"semenconnect-api","timestamp":"2026-05-29 20:22:52"}
{"level":"error","message":"Port 4001 is already in use. Please use a different port.","service":"semenconnect-api","timestamp":"2026-05-29 23:10:28"}
{"level":"error","message":"Port 4001 is already in use. Please use a different port.","service":"semenconnect-api","timestamp":"2026-06-04 09:02:12"}
{"level":"error","message":"[POST] /api/v1/auth/login — value too long for type character varying(255)","service":"semenconnect-api","timestamp":"2026-06-04 10:05:18"}
{"level":"error","message":"[GET] /api/v1/reports/overview — column \"amountPaid\" does not exist","service":"semenconnect-api","timestamp":"2026-06-04 10:11:23"}
{"level":"error","message":"[GET] /api/v1/notifications — column Notification.createdAt does not exist","service":"semenconnect-api","timestamp":"2026-06-04 10:11:23"}
{"level":"error","message":"[GET] /api/v1/reports/routes — column Booking.amountPaid does not exist","service":"semenconnect-api","timestamp":"2026-06-04 10:11:23"}
{"level":"error","message":"[GET] /api/v1/notifications — column Notification.createdAt does not exist","service":"semenconnect-api","timestamp":"2026-06-04 10:11:23"}
{"level":"error","message":"[GET] /api/v1/reports/overview — column \"amountPaid\" does not exist","service":"semenconnect-api","timestamp":"2026-06-04 10:11:24"}
{"level":"error","message":"[GET] /api/v1/vehicles?page=1&limit=20 — column Vehicle.createdAt does not exist","service":"semenconnect-api","timestamp":"2026-06-04 10:11:24"}
{"level":"error","message":"[GET] /api/v1/vehicles?page=1&limit=20 — column Vehicle.createdAt does not exist","service":"semenconnect-api","timestamp":"2026-06-04 10:11:25"}
{"level":"error","message":"[GET] /api/v1/vehicles?page=1&limit=20 — column Vehicle.createdAt does not exist","service":"semenconnect-api","timestamp":"2026-06-04 10:11:41"}
{"level":"error","message":"[GET] /api/v1/vehicles?page=1&limit=20 — column Vehicle.createdAt does not exist","service":"semenconnect-api","timestamp":"2026-06-04 10:11:42"}
{"level":"error","message":"[GET] /api/v1/drivers?limit=100 — column Driver.createdAt does not exist","service":"semenconnect-api","timestamp":"2026-06-04 10:11:46"}
{"level":"error","message":"[GET] /api/v1/drivers?limit=100 — column Driver.createdAt does not exist","service":"semenconnect-api","timestamp":"2026-06-04 10:11:47"}
{"level":"error","message":"[GET] /api/v1/passengers?limit=100 — permission denied for table users","service":"semenconnect-api","timestamp":"2026-06-04 10:14:41"}
{"level":"error","message":"[GET] /api/v1/passengers?limit=100 — permission denied for table users","service":"semenconnect-api","timestamp":"2026-06-04 10:14:43"}
{"level":"error","message":"[POST] /api/v1/passengers — permission denied for table users","service":"semenconnect-api","timestamp":"2026-06-04 10:16:35"}
{"level":"error","message":"[GET] /api/v1/notifications — column Notification.createdAt does not exist","service":"semenconnect-api","timestamp":"2026-06-04 10:34:03"}
{"level":"error","message":"[GET] /api/v1/notifications — column Notification.createdAt does not exist","service":"semenconnect-api","timestamp":"2026-06-04 10:34:04"}
{"level":"error","message":"[GET] /api/v1/drivers?limit=100 — column Driver.createdAt does not exist","service":"semenconnect-api","timestamp":"2026-06-04 10:43:59"}
{"level":"error","message":"[GET] /api/v1/reports/overview — column \"amountPaid\" does not exist","service":"semenconnect-api","timestamp":"2026-06-04 10:44:00"}
{"level":"error","message":"[GET] /api/v1/reports/routes — column Booking.amountPaid does not exist","service":"semenconnect-api","timestamp":"2026-06-04 10:44:00"}
{"level":"error","message":"[GET] /api/v1/drivers?limit=100 — column Driver.createdAt does not exist","service":"semenconnect-api","timestamp":"2026-06-04 10:44:00"}
{"level":"error","message":"[GET] /api/v1/drivers?limit=100 — column Driver.createdAt does not exist","service":"semenconnect-api","timestamp":"2026-06-04 10:44:02"}
{"level":"error","message":"[GET] /api/v1/drivers?limit=100 — column Driver.createdAt does not exist","service":"semenconnect-api","timestamp":"2026-06-04 10:45:00"}
{"level":"error","message":"[GET] /api/v1/drivers?limit=100 — column Driver.createdAt does not exist","service":"semenconnect-api","timestamp":"2026-06-04 10:45:02"}
{"level":"error","message":"[GET] /api/v1/passengers?limit=100 — permission denied for table users","service":"semenconnect-api","timestamp":"2026-06-04 11:24:55"}
{"level":"error","message":"[GET] /api/v1/passengers?limit=100 — permission denied for table users","service":"semenconnect-api","timestamp":"2026-06-04 11:24:56"}
{"level":"error","message":"[GET] /api/v1/passengers?limit=100 — permission denied for table users","service":"semenconnect-api","timestamp":"2026-06-04 11:25:07"}
{"level":"error","message":"[GET] /api/v1/passengers?limit=100 — permission denied for table users","service":"semenconnect-api","timestamp":"2026-06-04 11:25:08"}
{"level":"error","message":"[POST] /api/v1/passengers — permission denied for table users","service":"semenconnect-api","timestamp":"2026-06-04 11:26:03"}
{"level":"error","message":"[POST] /api/v1/passengers — permission denied for table users","service":"semenconnect-api","timestamp":"2026-06-04 11:26:29"}
{"level":"error","message":"[POST] /api/v1/passengers — permission denied for table users","service":"semenconnect-api","timestamp":"2026-06-04 11:28:57"}
{"level":"error","message":"[GET] /api/v1/passengers?limit=100 — permission denied for table users","service":"semenconnect-api","timestamp":"2026-06-04 11:29:07"}
{"level":"error","message":"[GET] /api/v1/reports/bookings — column \"amountPaid\" does not exist","service":"semenconnect-api","timestamp":"2026-06-04 11:29:18"}
{"level":"error","message":"[GET] /api/v1/reports/overview — column \"amountPaid\" does not exist","service":"semenconnect-api","timestamp":"2026-06-04 11:29:18"}
{"level":"error","message":"[GET] /api/v1/payments/summary — column \"amountPaid\" does not exist","service":"semenconnect-api","timestamp":"2026-06-04 11:29:18"}
{"level":"error","message":"[GET] /api/v1/reports/routes — column Booking.amountPaid does not exist","service":"semenconnect-api","timestamp":"2026-06-04 11:29:18"}
{"level":"error","message":"[GET] /api/v1/reports/revenue?days=60&period=daily — column \"amountPaid\" does not exist","service":"semenconnect-api","timestamp":"2026-06-04 11:29:18"}
{"level":"error","message":"[GET] /api/v1/reports/overview — column \"amountPaid\" does not exist","service":"semenconnect-api","timestamp":"2026-06-04 11:29:20"}
{"level":"error","message":"[GET] /api/v1/reports/bookings — column \"amountPaid\" does not exist","service":"semenconnect-api","timestamp":"2026-06-04 11:29:20"}
{"level":"error","message":"[GET] /api/v1/payments/summary — column \"amountPaid\" does not exist","service":"semenconnect-api","timestamp":"2026-06-04 11:29:20"}
{"level":"error","message":"[GET] /api/v1/reports/routes — column Booking.amountPaid does not exist","service":"semenconnect-api","timestamp":"2026-06-04 11:29:20"}
{"level":"error","message":"[GET] /api/v1/reports/revenue?days=60&period=daily — column \"amountPaid\" does not exist","service":"semenconnect-api","timestamp":"2026-06-04 11:29:20"}
{"level":"error","message":"[GET] /api/v1/route-optimization/summary — invalid input syntax for type uuid: \"summary\"","service":"semenconnect-api","timestamp":"2026-06-04 11:29:22"}
{"level":"error","message":"[GET] /api/v1/predictive-maintenance — permission denied for table vehicles","service":"semenconnect-api","timestamp":"2026-06-04 11:29:23"}
{"level":"error","message":"[GET] /api/v1/driver-payroll — column driver.yearsOfExperience does not exist","service":"semenconnect-api","timestamp":"2026-06-04 11:29:27"}
{"level":"error","message":"[GET] /api/v1/driver-payroll — column driver.yearsOfExperience does not exist","service":"semenconnect-api","timestamp":"2026-06-04 11:29:28"}
{"level":"error","message":"[GET] /api/v1/inventory/stats — invalid input syntax for type uuid: \"stats\"","service":"semenconnect-api","timestamp":"2026-06-04 11:29:32"}
{"level":"error","message":"[GET] /api/v1/inventory/stats — invalid input syntax for type uuid: \"stats\"","service":"semenconnect-api","timestamp":"2026-06-04 11:29:34"}
{"level":"error","message":"[GET] /api/v1/passengers?limit=100 — permission denied for table users","service":"semenconnect-api","timestamp":"2026-06-04 11:33:28"}
{"level":"error","message":"[GET] /api/v1/passengers?limit=100 — permission denied for table users","service":"semenconnect-api","timestamp":"2026-06-04 11:34:17"}
{"level":"error","message":"[GET] /api/v1/passengers?limit=100 — permission denied for table users","service":"semenconnect-api","timestamp":"2026-06-04 11:34:19"}
{"level":"error","message":"[GET] /api/v1/reports/overview — column \"amountPaid\" does not exist","service":"semenconnect-api","timestamp":"2026-06-04 11:43:43"}
{"level":"error","message":"[GET] /api/v1/reports/routes — column Booking.amountPaid does not exist","service":"semenconnect-api","timestamp":"2026-06-04 11:43:43"}
{"level":"error","message":"[GET] /api/v1/reports/overview — column \"amountPaid\" does not exist","service":"semenconnect-api","timestamp":"2026-06-04 11:43:45"}
{"level":"error","message":"[GET] /api/v1/reports/routes — column Booking.amountPaid does not exist","service":"semenconnect-api","timestamp":"2026-06-04 11:43:45"}
{"level":"error","message":"[GET] /api/v1/passengers?limit=100 — permission denied for table users","service":"semenconnect-api","timestamp":"2026-06-04 11:43:49"}
{"level":"error","message":"[GET] /api/v1/passengers?limit=100 — permission denied for table users","service":"semenconnect-api","timestamp":"2026-06-04 11:43:51"}
{"level":"error","message":"Failed to connect to PostgreSQL: read ECONNRESET","service":"semenconnect-api","timestamp":"2026-06-04 12:07:39"}
{"level":"error","message":"Port 4001  is already in use. Please use a different port.","service":"semenconnect-api","timestamp":"2026-06-04 16:21:17"}
{"level":"error","message":"Port 4001 is already in use. Please use a different port.","service":"semenconnect-api","timestamp":"2026-06-04 16:25:45"}
{"level":"error","message":"Port 4001 is already in use. Please use a different port.","service":"semenconnect-api","timestamp":"2026-06-04 16:37:43"}
{"level":"error","message":"Port 4001 is already in use. Please use a different port.","service":"semenconnect-api","timestamp":"2026-06-04 16:42:38"}
{"level":"error","message":"[GET] /api/v1/reports/overview — column \"amountPaid\" does not exist","service":"semenconnect-api","timestamp":"2026-06-05 20:14:05"}
{"level":"error","message":"[GET] /api/v1/reports/routes — column Booking.amountPaid does not exist","service":"semenconnect-api","timestamp":"2026-06-05 20:14:05"}
{"level":"error","message":"[GET] /api/v1/reports/overview — column \"amountPaid\" does not exist","service":"semenconnect-api","timestamp":"2026-06-05 20:14:06"}
{"level":"error","message":"[GET] /api/v1/reports/routes — column Booking.amountPaid does not exist","service":"semenconnect-api","timestamp":"2026-06-05 20:14:07"}
{"level":"error","message":"[GET] /api/v1/passengers?limit=100 — permission denied for table users","service":"semenconnect-api","timestamp":"2026-06-05 20:28:57"}
{"level":"error","message":"[GET] /api/v1/passengers?limit=100 — permission denied for table users","service":"semenconnect-api","timestamp":"2026-06-05 20:28:58"}
{"level":"error","message":"[POST] /api/v1/passengers — Validation error","service":"semenconnect-api","timestamp":"2026-06-05 20:29:49"}
{"level":"error","message":"[POST] /api/v1/passengers — Validation error","service":"semenconnect-api","timestamp":"2026-06-05 20:29:49"}
{"level":"error","message":"[POST] /api/v1/passengers — Validation error","service":"semenconnect-api","timestamp":"2026-06-05 20:29:51"}
{"level":"error","message":"[POST] /api/v1/passengers — Validation error","service":"semenconnect-api","timestamp":"2026-06-05 20:29:51"}
{"level":"error","message":"[POST] /api/v1/passengers — Validation error","service":"semenconnect-api","timestamp":"2026-06-05 20:29:52"}
{"level":"error","message":"[POST] /api/v1/passengers — Validation error","service":"semenconnect-api","timestamp":"2026-06-05 20:29:52"}
{"level":"error","message":"[POST] /api/v1/passengers — Validation error","service":"semenconnect-api","timestamp":"2026-06-05 20:29:58"}
{"level":"error","message":"[POST] /api/v1/passengers — Validation error","service":"semenconnect-api","timestamp":"2026-06-05 20:29:58"}
{"level":"error","message":"[POST] /api/v1/passengers — Validation error","service":"semenconnect-api","timestamp":"2026-06-05 20:30:00"}
{"level":"error","message":"[POST] /api/v1/passengers — Validation error","service":"semenconnect-api","timestamp":"2026-06-05 20:30:00"}
{"level":"error","message":"[POST] /api/v1/passengers — Validation error","service":"semenconnect-api","timestamp":"2026-06-05 20:30:01"}
{"level":"error","message":"[POST] /api/v1/driver-documents — notNull Violation: DriverDocument.driverId cannot be null,\nnotNull Violation: DriverDocument.documentType cannot be null","service":"semenconnect-api","timestamp":"2026-06-05 20:31:25"}
{"level":"error","message":"[GET] /api/v1/passengers?limit=100 — permission denied for table users","service":"semenconnect-api","timestamp":"2026-06-05 20:37:45"}
{"level":"error","message":"[GET] /api/v1/passengers?limit=100 — permission denied for table users","service":"semenconnect-api","timestamp":"2026-06-05 20:37:46"}
{"level":"error","message":"[GET] /api/v1/notifications — column Notification.createdAt does not exist","service":"semenconnect-api","timestamp":"2026-06-05 20:40:42"}
{"level":"error","message":"[GET] /api/v1/notifications — column Notification.createdAt does not exist","service":"semenconnect-api","timestamp":"2026-06-05 20:40:42"}
{"level":"error","message":"[GET] /api/v1/passengers?limit=100 — permission denied for table users","service":"semenconnect-api","timestamp":"2026-06-05 20:40:43"}
{"level":"error","message":"[GET] /api/v1/notifications — column Notification.createdAt does not exist","service":"semenconnect-api","timestamp":"2026-06-05 20:59:51"}
{"level":"error","message":"[GET] /api/v1/notifications — column Notification.createdAt does not exist","service":"semenconnect-api","timestamp":"2026-06-05 20:59:52"}
{"level":"error","message":"[POST] /api/v1/schedules — Validation error: Validation isIn on recurringDays failed","service":"semenconnect-api","timestamp":"2026-06-05 21:00:16"}
{"level":"error","message":"[POST] /api/v1/schedules — Validation error: Validation isIn on recurringDays failed","service":"semenconnect-api","timestamp":"2026-06-05 21:00:17"}
{"level":"error","message":"[POST] /api/v1/schedules — Validation error: Validation isIn on recurringDays failed","service":"semenconnect-api","timestamp":"2026-06-05 21:00:39"}
{"level":"error","message":"[POST] /api/v1/schedules — Validation error: Validation isIn on recurringDays failed","service":"semenconnect-api","timestamp":"2026-06-05 21:01:03"}
{"level":"error","message":"[GET] /api/v1/passengers?limit=100 — permission denied for table users","service":"semenconnect-api","timestamp":"2026-06-05 21:01:45"}
{"level":"error","message":"[GET] /api/v1/passengers?limit=100 — permission denied for table users","service":"semenconnect-api","timestamp":"2026-06-05 21:01:47"}
{"level":"error","message":"[GET] /api/v1/passengers?limit=100 — permission denied for table users","service":"semenconnect-api","timestamp":"2026-06-05 21:03:03"}
{"level":"error","message":"[GET] /api/v1/passengers?limit=100 — permission denied for table users","service":"semenconnect-api","timestamp":"2026-06-05 21:03:04"}
{"level":"error","message":"[GET] /api/v1/notifications — column Notification.createdAt does not exist","service":"semenconnect-api","timestamp":"2026-06-05 21:24:46"}
{"level":"error","message":"[GET] /api/v1/notifications — column Notification.createdAt does not exist","service":"semenconnect-api","timestamp":"2026-06-05 21:24:46"}
{"level":"error","message":"[GET] /api/v1/reports/routes — column Booking.amountPaid does not exist","service":"semenconnect-api","timestamp":"2026-06-05 21:24:51"}
{"level":"error","message":"[GET] /api/v1/reports/overview — column \"amountPaid\" does not exist","service":"semenconnect-api","timestamp":"2026-06-05 21:24:51"}
{"level":"error","message":"[GET] /api/v1/reports/routes — column Booking.amountPaid does not exist","service":"semenconnect-api","timestamp":"2026-06-05 21:24:52"}
{"level":"error","message":"[GET] /api/v1/reports/overview — column \"amountPaid\" does not exist","service":"semenconnect-api","timestamp":"2026-06-05 21:24:52"}
{"level":"error","message":"[GET] /api/v1/passengers?limit=100 — permission denied for table users","service":"semenconnect-api","timestamp":"2026-06-05 21:24:56"}
{"level":"error","message":"[GET] /api/v1/notifications — column Notification.createdAt does not exist","service":"semenconnect-api","timestamp":"2026-06-05 21:33:56"}
{"level":"error","message":"[GET] /api/v1/notifications — column Notification.createdAt does not exist","service":"semenconnect-api","timestamp":"2026-06-05 21:33:56"}
{"level":"error","message":"[GET] /api/v1/reports/overview — column \"amountPaid\" does not exist","service":"semenconnect-api","timestamp":"2026-06-05 21:33:57"}
{"level":"error","message":"[GET] /api/v1/reports/routes — column Booking.amountPaid does not exist","service":"semenconnect-api","timestamp":"2026-06-05 21:33:57"}
{"level":"error","message":"[GET] /api/v1/reports/overview — column \"amountPaid\" does not exist","service":"semenconnect-api","timestamp":"2026-06-05 21:33:59"}
{"level":"error","message":"[GET] /api/v1/reports/routes — column Booking.amountPaid does not exist","service":"semenconnect-api","timestamp":"2026-06-05 21:33:59"}
{"level":"error","message":"[GET] /api/v1/passengers?limit=100 — permission denied for table users","service":"semenconnect-api","timestamp":"2026-06-05 21:34:10"}
{"level":"error","message":"[GET] /api/v1/passengers?limit=100 — permission denied for table users","service":"semenconnect-api","timestamp":"2026-06-05 21:34:12"}
{"level":"error","message":"[GET] /api/v1/inventory/stats — invalid input syntax for type uuid: \"stats\"","service":"semenconnect-api","timestamp":"2026-06-05 21:34:23"}
{"level":"error","message":"[GET] /api/v1/inventory/stats — invalid input syntax for type uuid: \"stats\"","service":"semenconnect-api","timestamp":"2026-06-05 21:34:25"}
{"level":"error","message":"[GET] /api/v1/reports/overview — column \"amountPaid\" does not exist","service":"semenconnect-api","timestamp":"2026-06-05 21:45:48"}
{"level":"error","message":"[GET] /api/v1/reports/routes — column Booking.amountPaid does not exist","service":"semenconnect-api","timestamp":"2026-06-05 21:45:48"}
{"level":"error","message":"[GET] /api/v1/notifications — column Notification.createdAt does not exist","service":"semenconnect-api","timestamp":"2026-06-05 21:45:48"}
{"level":"error","message":"[GET] /api/v1/notifications — column Notification.createdAt does not exist","service":"semenconnect-api","timestamp":"2026-06-05 21:45:49"}
{"level":"error","message":"[GET] /api/v1/reports/overview — column \"amountPaid\" does not exist","service":"semenconnect-api","timestamp":"2026-06-05 21:45:50"}
{"level":"error","message":"[GET] /api/v1/reports/routes — column Booking.amountPaid does not exist","service":"semenconnect-api","timestamp":"2026-06-05 21:45:50"}
{"level":"error","message":"[GET] /api/v1/notifications — column Notification.createdAt does not exist","service":"semenconnect-api","timestamp":"2026-06-05 21:45:51"}
{"level":"error","message":"[GET] /api/v1/notifications — column Notification.createdAt does not exist","service":"semenconnect-api","timestamp":"2026-06-05 21:45:51"}
{"level":"error","message":"Failed to connect to PostgreSQL: read ECONNRESET","service":"semenconnect-api","timestamp":"2026-06-05 21:58:04"}
{"level":"error","message":"Failed to connect to PostgreSQL: read ECONNRESET","service":"semenconnect-api","timestamp":"2026-06-05 22:14:39"}
{"level":"error","message":"Failed to connect to PostgreSQL: getaddrinfo ENOTFOUND aws-1-eu-central-1.pooler.supabase.com","service":"semenconnect-api","timestamp":"2026-06-05 22:20:40"}
{"level":"error","message":"Failed to connect to PostgreSQL: getaddrinfo ENOTFOUND aws-1-eu-central-1.pooler.supabase.com","service":"semenconnect-api","timestamp":"2026-06-05 22:25:47"}
{"level":"error","message":"Failed to connect to PostgreSQL: getaddrinfo ENOTFOUND aws-1-eu-central-1.pooler.supabase.com","service":"semenconnect-api","timestamp":"2026-06-05 22:41:17"}
{"level":"error","message":"[GET] /api/v1/notifications — column Notification.createdAt does not exist","service":"semenconnect-api","timestamp":"2026-06-05 23:16:15"}
{"level":"error","message":"[GET] /api/v1/reports/overview — column \"amountPaid\" does not exist","service":"semenconnect-api","timestamp":"2026-06-05 23:16:15"}
{"level":"error","message":"[GET] /api/v1/reports/routes — column Booking.amountPaid does not exist","service":"semenconnect-api","timestamp":"2026-06-05 23:16:15"}
{"level":"error","message":"[GET] /api/v1/notifications — column Notification.createdAt does not exist","service":"semenconnect-api","timestamp":"2026-06-05 23:16:15"}
{"level":"error","message":"[GET] /api/v1/reports/overview — column \"amountPaid\" does not exist","service":"semenconnect-api","timestamp":"2026-06-05 23:16:16"}
{"level":"error","message":"[GET] /api/v1/reports/routes — column Booking.amountPaid does not exist","service":"semenconnect-api","timestamp":"2026-06-05 23:16:16"}
{"level":"error","message":"[GET] /api/v1/drivers?limit=100 — column Driver.createdAt does not exist","service":"semenconnect-api","timestamp":"2026-06-05 23:16:22"}
{"level":"error","message":"[GET] /api/v1/drivers?limit=100 — column Driver.createdAt does not exist","service":"semenconnect-api","timestamp":"2026-06-05 23:16:23"}
{"level":"error","message":"[GET] /api/v1/passengers?limit=100 — column \"createdAt\" does not exist","service":"semenconnect-api","timestamp":"2026-06-05 23:16:27"}
{"level":"error","message":"[GET] /api/v1/passengers?limit=100 — column \"createdAt\" does not exist","service":"semenconnect-api","timestamp":"2026-06-05 23:16:29"}
{"level":"error","message":"[GET] /api/v1/passengers?limit=100 — column \"createdAt\" does not exist","service":"semenconnect-api","timestamp":"2026-06-05 23:16:55"}
{"level":"error","message":"[POST] /api/v1/passengers — Validation error","service":"semenconnect-api","timestamp":"2026-06-05 23:16:56"}
{"level":"error","message":"[GET] /api/v1/passengers?limit=100 — column \"createdAt\" does not exist","service":"semenconnect-api","timestamp":"2026-06-05 23:16:57"}
{"level":"error","message":"[GET] /api/v1/drivers?limit=100 — column Driver.createdAt does not exist","service":"semenconnect-api","timestamp":"2026-06-05 23:17:05"}
{"level":"error","message":"[GET] /api/v1/drivers?limit=100 — column Driver.createdAt does not exist","service":"semenconnect-api","timestamp":"2026-06-05 23:17:07"}
{"level":"error","message":"[GET] /api/v1/drivers?limit=100 — column Driver.createdAt does not exist","service":"semenconnect-api","timestamp":"2026-06-05 23:17:11"}
{"level":"error","message":"[GET] /api/v1/passengers?limit=100 — column \"createdAt\" does not exist","service":"semenconnect-api","timestamp":"2026-06-05 23:17:13"}
{"level":"error","message":"[GET] /api/v1/passengers?limit=100 — column \"createdAt\" does not exist","service":"semenconnect-api","timestamp":"2026-06-05 23:17:15"}
{"level":"error","message":"[GET] /api/v1/drivers — column Driver.createdAt does not exist","service":"semenconnect-api","timestamp":"2026-06-05 23:17:15"}
{"level":"error","message":"[GET] /api/v1/reports/overview — column \"amountPaid\" does not exist","service":"semenconnect-api","timestamp":"2026-06-05 23:29:08"}
{"level":"error","message":"[GET] /api/v1/reports/routes — column Booking.amountPaid does not exist","service":"semenconnect-api","timestamp":"2026-06-05 23:29:08"}
{"level":"error","message":"[GET] /api/v1/drivers?limit=100 — column Driver.createdAt does not exist","service":"semenconnect-api","timestamp":"2026-06-05 23:29:10"}
{"level":"error","message":"[GET] /api/v1/passengers?limit=100 — column \"createdAt\" does not exist","service":"semenconnect-api","timestamp":"2026-06-05 23:29:12"}
{"level":"error","message":"[GET] /api/v1/drivers?limit=100 — column Driver.createdAt does not exist","service":"semenconnect-api","timestamp":"2026-06-05 23:29:12"}
{"level":"error","message":"[GET] /api/v1/passengers?limit=100 — column \"createdAt\" does not exist","service":"semenconnect-api","timestamp":"2026-06-05 23:29:13"}
{"level":"error","message":"[GET] /api/v1/drivers — column Driver.createdAt does not exist","service":"semenconnect-api","timestamp":"2026-06-05 23:29:13"}
{"level":"error","message":"[GET] /api/v1/notifications — column Notification.createdAt does not exist","service":"semenconnect-api","timestamp":"2026-06-05 23:30:59"}
{"level":"error","message":"[GET] /api/v1/notifications — column Notification.createdAt does not exist","service":"semenconnect-api","timestamp":"2026-06-05 23:31:00"}
{"level":"error","message":"[GET] /api/v1/notifications — column Notification.createdAt does not exist","service":"semenconnect-api","timestamp":"2026-06-05 23:31:01"}
{"level":"error","message":"[GET] /api/v1/notifications — column Notification.createdAt does not exist","service":"semenconnect-api","timestamp":"2026-06-05 23:31:02"}
{"level":"error","message":"[GET] /api/v1/notifications — column Notification.createdAt does not exist","service":"semenconnect-api","timestamp":"2026-06-05 23:31:04"}
{"level":"error","message":"[GET] /api/v1/notifications — column Notification.createdAt does not exist","service":"semenconnect-api","timestamp":"2026-06-05 23:31:05"}
{"level":"error","message":"[GET] /api/v1/notifications — column Notification.createdAt does not exist","service":"semenconnect-api","timestamp":"2026-06-05 23:43:28"}
{"level":"error","message":"[GET] /api/v1/notifications — column Notification.createdAt does not exist","service":"semenconnect-api","timestamp":"2026-06-05 23:43:28"}
{"level":"error","message":"[GET] /api/v1/drivers?limit=100 — column Driver.createdAt does not exist","service":"semenconnect-api","timestamp":"2026-06-05 23:43:30"}
{"level":"error","message":"[GET] /api/v1/drivers?limit=100 — column Driver.createdAt does not exist","service":"semenconnect-api","timestamp":"2026-06-05 23:43:31"}
{"level":"error","message":"[GET] /api/v1/notifications — column Notification.createdAt does not exist","service":"semenconnect-api","timestamp":"2026-06-05 23:44:29"}
{"level":"error","message":"[GET] /api/v1/drivers?limit=100 — column Driver.createdAt does not exist","service":"semenconnect-api","timestamp":"2026-06-05 23:44:29"}
{"level":"error","message":"[GET] /api/v1/notifications — column Notification.createdAt does not exist","service":"semenconnect-api","timestamp":"2026-06-05 23:44:29"}
{"level":"error","message":"[GET] /api/v1/drivers?limit=100 — column Driver.createdAt does not exist","service":"semenconnect-api","timestamp":"2026-06-05 23:44:30"}
{"level":"error","message":"[GET] /api/v1/notifications — column Notification.createdAt does not exist","service":"semenconnect-api","timestamp":"2026-06-05 23:44:44"}
{"level":"error","message":"[GET] /api/v1/reports/overview — column \"amountPaid\" does not exist","service":"semenconnect-api","timestamp":"2026-06-05 23:44:45"}
{"level":"error","message":"[GET] /api/v1/reports/routes — column Booking.amountPaid does not exist","service":"semenconnect-api","timestamp":"2026-06-05 23:44:45"}
{"level":"error","message":"[GET] /api/v1/notifications — column Notification.createdAt does not exist","service":"semenconnect-api","timestamp":"2026-06-05 23:44:45"}
{"level":"error","message":"[GET] /api/v1/reports/routes — column Booking.amountPaid does not exist","service":"semenconnect-api","timestamp":"2026-06-05 23:44:46"}
{"level":"error","message":"[GET] /api/v1/reports/overview — column \"amountPaid\" does not exist","service":"semenconnect-api","timestamp":"2026-06-05 23:44:46"}
{"level":"error","message":"[GET] /api/v1/drivers?limit=100 — column Driver.createdAt does not exist","service":"semenconnect-api","timestamp":"2026-06-05 23:44:49"}
{"level":"error","message":"[GET] /api/v1/drivers?limit=100 — column Driver.createdAt does not exist","service":"semenconnect-api","timestamp":"2026-06-05 23:44:51"}
{"level":"error","message":"[GET] /api/v1/drivers?limit=100 — column Driver.createdAt does not exist","service":"semenconnect-api","timestamp":"2026-06-05 23:45:18"}
{"level":"error","message":"[GET] /api/v1/drivers?limit=100 — column Driver.createdAt does not exist","service":"semenconnect-api","timestamp":"2026-06-05 23:45:19"}
{"level":"error","message":"[GET] /api/v1/drivers?limit=100 — column Driver.createdAt does not exist","service":"semenconnect-api","timestamp":"2026-06-05 23:45:40"}
{"level":"error","message":"[GET] /api/v1/drivers?limit=100 — column Driver.createdAt does not exist","service":"semenconnect-api","timestamp":"2026-06-05 23:45:42"}
{"level":"error","message":"[GET] /api/v1/reports/overview — column \"amountPaid\" does not exist","service":"semenconnect-api","timestamp":"2026-06-05 23:45:45"}
{"level":"error","message":"[GET] /api/v1/reports/routes — column Booking.amountPaid does not exist","service":"semenconnect-api","timestamp":"2026-06-05 23:45:45"}
{"level":"error","message":"[GET] /api/v1/drivers?limit=100 — column Driver.createdAt does not exist","service":"semenconnect-api","timestamp":"2026-06-05 23:45:46"}
{"level":"error","message":"[GET] /api/v1/drivers?limit=100 — column Driver.createdAt does not exist","service":"semenconnect-api","timestamp":"2026-06-05 23:45:47"}
{"level":"error","message":"[GET] /api/v1/passengers?limit=100 — column \"createdAt\" does not exist","service":"semenconnect-api","timestamp":"2026-06-05 23:45:48"}
{"level":"error","message":"[GET] /api/v1/passengers?limit=100 — column \"createdAt\" does not exist","service":"semenconnect-api","timestamp":"2026-06-05 23:45:49"}
{"level":"error","message":"[GET] /api/v1/drivers — column Driver.createdAt does not exist","service":"semenconnect-api","timestamp":"2026-06-05 23:45:49"}
{"level":"error","message":"[GET] /api/v1/drivers — column Driver.createdAt does not exist","service":"semenconnect-api","timestamp":"2026-06-05 23:45:51"}
{"level":"error","message":"[GET] /api/v1/reports/overview — column \"amountPaid\" does not exist","service":"semenconnect-api","timestamp":"2026-06-05 23:50:01"}
{"level":"error","message":"[GET] /api/v1/reports/routes — column Booking.amountPaid does not exist","service":"semenconnect-api","timestamp":"2026-06-05 23:50:01"}
{"level":"error","message":"[GET] /api/v1/drivers?limit=100 — column Driver.createdAt does not exist","service":"semenconnect-api","timestamp":"2026-06-05 23:50:04"}
{"level":"error","message":"[GET] /api/v1/drivers?limit=100 — column Driver.createdAt does not exist","service":"semenconnect-api","timestamp":"2026-06-05 23:50:05"}
{"level":"error","message":"[GET] /api/v1/drivers?limit=100 — column Driver.createdAt does not exist","service":"semenconnect-api","timestamp":"2026-06-05 23:51:39"}
{"level":"error","message":"[GET] /api/v1/notifications — column Notification.createdAt does not exist","service":"semenconnect-api","timestamp":"2026-06-05 23:51:39"}
{"level":"error","message":"[GET] /api/v1/notifications — column Notification.createdAt does not exist","service":"semenconnect-api","timestamp":"2026-06-05 23:51:40"}
{"level":"error","message":"[GET] /api/v1/drivers?limit=100 — column Driver.createdAt does not exist","service":"semenconnect-api","timestamp":"2026-06-05 23:51:41"}
{"level":"error","message":"Failed to connect to PostgreSQL: (ENOTFOUND) tenant/user postgres.ewdmaxgvgvnfveeobdmz not found","service":"semenconnect-api","timestamp":"2026-06-05 23:55:48"}
